id,passport_id,rank,score,year,country_name,code
212195,2,1,130,2006,Denmark,DNK
212197,3,1,130,2006,Finland,FIN
212227,20,1,130,2006,United States,USA
212189,1,2,129,2006,Germany,DEU
212207,9,2,129,2006,Sweden,SWE
212221,17,2,129,2006,Ireland,IRL
212199,4,3,128,2006,France,FRA
212201,5,3,128,2006,Italy,ITA
212203,6,3,128,2006,Japan,JPN
212209,10,3,128,2006,United Kingdom,GBR
212215,13,3,125,2006,Luxembourg,LUX
212193,16,4,127,2006,Switzerland,CHE
212205,7,4,127,2006,Norway,NOR
212213,12,4,127,2006,Belgium,BEL
212219,15,4,127,2006,Spain,ESP
212217,14,5,126,2006,Netherlands,NLD
212211,11,6,125,2006,Austria,AUT
212229,21,6,125,2006,Canada,CAN
212235,24,6,125,2006,New Zealand,NZL
212223,19,7,123,2006,Portugal,PRT
212191,8,8,122,2006,Singapore,
212231,22,9,120,2006,Australia,AUS
212233,23,9,120,2006,Greece,GRC
212239,26,9,120,2006,Iceland,ISL
212255,34,9,120,2006,Malaysia,MYS
212245,29,10,116,2006,Liechtenstein,
212225,18,11,115,2006,South Korea,KOR
212241,27,11,115,2006,Malta,
212265,39,12,113,2006,Cyprus,CYP
212281,45,13,110,2006,Hong Kong,
212263,38,14,109,2006,Chile,CHL
212273,43,14,109,2006,San Marino,
212261,37,15,108,2006,Monaco,
212259,36,16,106,2006,Poland,POL
212249,31,17,105,2006,Slovenia,SVN
212285,49,18,104,2006,Israel,ISR
212243,28,19,101,2006,Hungary,HUN
212267,40,19,101,2006,Argentina,ARG
212283,48,19,101,2006,Brunei,BRN
212269,41,20,99,2006,Brazil,BRA
212271,42,20,99,2006,Andorra,
212297,54,20,99,2006,Uruguay,URY
212237,25,21,98,2006,Czech Republic,CZE
212289,51,21,98,2006,Mexico,MEX
212247,30,22,97,2006,Slovakia,SVK
212299,57,23,95,2006,Costa Rica,CRI
212253,33,24,94,2006,Lithuania,LTU
212315,64,25,92,2006,Venezuela,VEN
212251,32,26,91,2006,Latvia,LVA
212257,35,26,91,2006,Estonia,EST
212277,44,28,84,2006,Croatia,HRV
212275,46,29,83,2006,Bulgaria,BGR
212389,107,29,83,2006,Bolivia,BOL
212311,63,30,82,2006,Paraguay,PRY
212317,65,30,82,2006,Panama,PAN
212325,72,30,82,2006,Guatemala,GTM
212331,73,31,81,2006,El Salvador,SLV
212327,70,32,80,2006,Honduras,HND
212343,79,33,75,2006,Nicaragua,NIC
212279,47,34,73,2006,Romania,ROU
212287,50,35,71,2006,Barbados,
212291,52,35,71,2006,Bahamas,BHS
212323,68,35,71,2006,Macao (SAR China),
212309,61,36,66,2006,Trinidad and Tobago,TTO
212365,96,37,65,2006,South Africa,ZAF
212319,67,38,64,2006,St. Vincent and the Grenadines,
212301,58,39,63,2006,Antigua and Barbuda,
212313,66,39,63,2006,St. Lucia,
212295,55,40,62,2006,St. Kitts and Nevis,
212321,69,41,60,2006,Grenada,
212369,97,42,58,2006,Belize,BLZ
212383,105,43,57,2006,Jamaica,JAM
212337,76,44,54,2006,Solomon Islands,SLB
212375,101,45,53,2006,Guyana,GUY
212417,121,45,53,2006,Gambia,GMB
212293,53,46,52,2006,Seychelles,
212303,60,46,52,2006,Mauritius,
212329,71,46,52,2006,Dominica,
212359,91,46,52,2006,Turkey,TUR
212411,119,47,51,2006,Lesotho,LSO
212353,85,48,50,2006,Tuvalu,
212339,77,49,49,2006,Samoa,
212355,86,49,49,2006,Kiribati,
212387,108,50,48,2006,Botswana,BWA
212413,122,50,48,2006,Malawi,MWI
212341,78,51,47,2006,Vanuatu,VUT
212373,100,51,47,2006,Fiji,FJI
212439,133,51,47,2006,Sierra Leone,SLE
212347,84,52,46,2006,Tonga,
212379,103,52,46,2006,Maldives,
212407,117,52,46,2006,Eswatini (Swaziland),SWZ
212409,118,52,46,2006,Kenya,KEN
212423,125,53,45,2006,Zambia,ZMB
212437,134,53,45,2006,Ghana,GHA
212381,104,54,44,2006,Nauru,
212305,59,55,42,2006,Taiwan,TWN
212333,74,56,41,2006,Peru,PER
212371,98,56,41,2006,Ecuador,ECU
212385,106,56,41,2006,Papua New Guinea,PNG
212395,112,56,41,2006,Namibia,NAM
212419,123,56,41,2006,Tanzania,TZA
212445,135,56,41,2006,Zimbabwe,ZWE
212397,111,57,40,2006,Suriname,SUR
212377,102,58,39,2006,Kuwait,KWT
212425,130,58,39,2006,Uganda,UGA
212457,143,58,39,2006,Mauritania,MRT
212393,110,59,38,2006,Bahrain,
212421,124,59,38,2006,Tunisia,TUN
212469,150,59,38,2006,Mali,MLI
212391,109,60,37,2006,Qatar,QAT
212461,145,60,37,2006,Senegal,SEN
212467,149,60,37,2006,Guinea,GIN
212471,151,60,37,2006,Niger,NER
212351,83,61,36,2006,Marshall Islands,
212405,115,61,36,2006,Oman,OMN
212441,136,61,36,2006,Benin,BEN
212307,62,62,35,2006,United Arab Emirates,ARE
212357,89,62,35,2006,Russian Federation,RUS
212453,142,62,35,2006,Burkina Faso,BFA
212463,148,62,35,2006,Togo,TGO
212513,173,62,35,2006,Nigeria,NGA
212433,129,63,33,2006,Philippines,PHL
212487,160,63,33,2006,Guinea-Bissau,GNB
212335,75,64,32,2006,Serbia,SRB
212345,80,64,32,2006,Ukraine,UKR
212349,81,64,32,2006,Colombia,COL
212401,116,64,32,2006,Belarus,BLR
212415,120,65,31,2006,Saudi Arabia,SAU
212505,171,65,31,2006,Liberia,LBR
212443,138,66,30,2006,Morocco,MAR
212399,113,67,29,2006,Thailand,THA
212431,128,67,29,2006,Indonesia,IDN
212367,95,68,28,2006,Georgia,GEO
212403,114,68,28,2006,Kazakhstan,KAZ
212427,126,68,28,2006,Azerbaijan,AZE
212451,140,68,28,2006,Kyrgyzstan,KGZ
212493,165,68,28,2006,Central African Republic,CAF
212531,186,68,28,2006,Bangladesh,BGD
212429,131,69,27,2006,Cuba,CUB
212449,139,69,23,2006,Armenia,ARM
212473,152,69,27,2006,Tajikistan,TJK
212511,176,69,27,2006,Congo (Rep.),COG
212509,175,70,26,2006,Cameroon,CMR
212361,93,71,25,2006,Bosnia and Herzegovina,BIH
212435,132,71,25,2006,Dominican Republic,DOM
212483,157,71,25,2006,Madagascar,MDG
212495,163,71,25,2006,India,IND
212465,147,72,24,2006,Mongolia,MNG
212475,153,72,24,2006,Uzbekistan,UZB
212481,156,72,24,2006,Gabon,GAB
212485,161,73,23,2006,Rwanda,RWA
212499,166,73,23,2006,Algeria,DZA
212455,141,74,22,2006,Sao Tome and Principe,
212459,144,74,22,2006,Mozambique,MOZ
212477,154,74,22,2006,Haiti,HTI
212523,181,74,22,2006,Sri Lanka,LKA
212519,177,75,21,2006,Jordan,JOR
212501,169,76,20,2006,Equatorial Guinea,GNQ
212503,170,76,20,2006,Laos,LAO
212537,190,76,20,2006,Eritrea,ERI
212541,192,76,20,2006,Nepal,NPL
212479,158,77,19,2006,Bhutan,BTN
212489,162,77,19,2006,Turkmenistan,TKM
212497,167,77,19,2006,Angola,AGO
212517,178,77,19,2006,Djibouti,DJI
212539,191,77,19,2006,Libya,LBY
212447,137,78,18,2006,China,CHN
212507,172,78,18,2006,Vietnam,VNM
212515,174,78,18,2006,Burundi,BDI
212527,183,78,18,2006,Ethiopia,ETH
212529,184,78,18,2006,North Korea,PRK
212543,194,78,18,2006,Yemen,YEM
212363,94,79,17,2006,Albania,ALB
212491,164,79,17,2006,Cambodia,KHM
212525,182,79,17,2006,Sudan,SDN
212535,189,79,17,2006,Lebanon,LBN
212547,196,79,17,2006,Pakistan,PAK
212549,197,80,16,2006,Syria,SYR
212521,180,81,15,2006,Myanmar,MMR
212545,195,81,15,2006,Somalia,SOM
212551,198,81,15,2006,Iraq,IRQ
212533,187,82,14,2006,Iran,IRN
212553,199,83,12,2006,Afghanistan,AFG
212194,2,1,,2007,Denmark,DNK
212196,3,1,,2007,Finland,FIN
212188,1,2,,2007,Germany,DEU
212206,9,2,,2007,Sweden,SWE
212220,17,2,,2007,Ireland,IRL
212226,20,2,,2007,United States,USA
212200,5,3,,2007,Italy,ITA
212202,6,3,,2007,Japan,JPN
212212,12,3,,2007,Belgium,BEL
212214,13,3,,2007,Luxembourg,LUX
212198,4,4,,2007,France,FRA
212204,7,4,,2007,Norway,NOR
212208,10,4,,2007,United Kingdom,GBR
212216,14,4,,2007,Netherlands,NLD
212218,15,4,,2007,Spain,ESP
212222,19,4,,2007,Portugal,PRT
212210,11,5,,2007,Austria,AUT
212228,21,5,,2007,Canada,CAN
212192,16,6,,2007,Switzerland,CHE
212234,24,7,,2007,New Zealand,NZL
212190,8,8,,2007,Singapore,
212230,22,8,,2007,Australia,AUS
212232,23,9,,2007,Greece,GRC
212238,26,9,,2007,Iceland,ISL
212254,34,10,,2007,Malaysia,MYS
212224,18,11,,2007,South Korea,KOR
212244,29,11,,2007,Liechtenstein,
212240,27,12,,2007,Malta,
212264,39,13,,2007,Cyprus,CYP
212272,43,14,,2007,San Marino,
212248,31,15,,2007,Slovenia,SVN
212258,36,16,,2007,Poland,POL
212260,37,16,,2007,Monaco,
212262,38,17,,2007,Chile,CHL
212280,45,17,,2007,Hong Kong,
212242,28,18,,2007,Hungary,HUN
212236,25,19,,2007,Czech Republic,CZE
212266,40,19,,2007,Argentina,ARG
212282,48,19,,2007,Brunei,BRN
212246,30,20,,2007,Slovakia,SVK
212270,42,20,,2007,Andorra,
212268,41,21,,2007,Brazil,BRA
212284,49,21,,2007,Israel,ISR
212252,33,22,,2007,Lithuania,LTU
212296,54,22,,2007,Uruguay,URY
212250,32,23,,2007,Latvia,LVA
212256,35,23,,2007,Estonia,EST
212288,51,24,,2007,Mexico,MEX
212298,57,26,,2007,Costa Rica,CRI
212314,64,26,,2007,Venezuela,VEN
212274,46,27,,2007,Bulgaria,BGR
212276,44,28,,2007,Croatia,HRV
212278,47,30,,2007,Romania,ROU
212310,63,30,,2007,Paraguay,PRY
212316,65,30,,2007,Panama,PAN
212324,72,30,,2007,Guatemala,GTM
212326,70,31,,2007,Honduras,HND
212330,73,31,,2007,El Salvador,SLV
212342,79,33,,2007,Nicaragua,NIC
212286,50,34,,2007,Barbados,
212322,68,35,,2007,Macao (SAR China),
212290,52,36,,2007,Bahamas,BHS
212364,96,36,,2007,South Africa,ZAF
212308,61,37,,2007,Trinidad and Tobago,TTO
212318,67,37,,2007,St. Vincent and the Grenadines,
212312,66,38,,2007,St. Lucia,
212294,55,39,,2007,St. Kitts and Nevis,
212300,58,39,,2007,Antigua and Barbuda,
212388,107,39,,2007,Bolivia,BOL
212320,69,41,,2007,Grenada,
212368,97,42,,2007,Belize,BLZ
212336,76,43,,2007,Solomon Islands,SLB
212358,91,44,,2007,Turkey,TUR
212292,53,45,,2007,Seychelles,
212328,71,45,,2007,Dominica,
212374,101,45,,2007,Guyana,GUY
212382,105,45,,2007,Jamaica,JAM
212352,85,46,,2007,Tuvalu,
212302,60,47,,2007,Mauritius,
212338,77,47,,2007,Samoa,
212354,86,48,,2007,Kiribati,
212416,121,48,,2007,Gambia,GMB
212340,78,49,,2007,Vanuatu,VUT
212410,119,49,,2007,Lesotho,LSO
212372,100,50,,2007,Fiji,FJI
212346,84,51,,2007,Tonga,
212378,103,51,,2007,Maldives,
212412,122,51,,2007,Malawi,MWI
212380,104,52,,2007,Nauru,
212386,108,52,,2007,Botswana,BWA
212438,133,52,,2007,Sierra Leone,SLE
212406,117,53,,2007,Eswatini (Swaziland),SWZ
212408,118,53,,2007,Kenya,KEN
212304,59,54,,2007,Taiwan,TWN
212332,74,54,,2007,Peru,PER
212422,125,54,,2007,Zambia,ZMB
212370,98,55,,2007,Ecuador,ECU
212384,106,55,,2007,Papua New Guinea,PNG
212394,112,55,,2007,Namibia,NAM
212436,134,55,,2007,Ghana,GHA
212396,111,56,,2007,Suriname,SUR
212356,89,57,,2007,Russian Federation,RUS
212376,102,57,,2007,Kuwait,KWT
212418,123,57,,2007,Tanzania,TZA
212350,83,58,,2007,Marshall Islands,
212420,124,58,,2007,Tunisia,TUN
212444,135,58,,2007,Zimbabwe,ZWE
212392,110,59,,2007,Bahrain,
212424,130,59,,2007,Uganda,UGA
212390,109,60,,2007,Qatar,QAT
212456,143,60,,2007,Mauritania,MRT
212306,62,61,,2007,United Arab Emirates,ARE
212404,115,62,,2007,Oman,OMN
212432,129,62,,2007,Philippines,PHL
212460,145,62,,2007,Senegal,SEN
212468,150,62,,2007,Mali,MLI
212470,151,62,,2007,Niger,NER
212334,75,63,,2007,Serbia,SRB
212344,80,63,,2007,Ukraine,UKR
212400,116,63,,2007,Belarus,BLR
212440,136,63,,2007,Benin,BEN
212466,149,63,,2007,Guinea,GIN
212348,81,64,,2007,Colombia,COL
212398,113,64,,2007,Thailand,THA
212512,173,64,,2007,Nigeria,NGA
212452,142,65,,2007,Burkina Faso,BFA
212462,148,65,,2007,Togo,TGO
212402,114,66,,2007,Kazakhstan,KAZ
212486,160,66,,2007,Guinea-Bissau,GNB
212366,95,67,,2007,Georgia,GEO
212414,120,67,,2007,Saudi Arabia,SAU
212448,139,67,,2007,Armenia,ARM
212426,126,68,,2007,Azerbaijan,AZE
212430,128,68,,2007,Indonesia,IDN
212442,138,68,,2007,Morocco,MAR
212450,140,68,,2007,Kyrgyzstan,KGZ
212472,152,68,,2007,Tajikistan,TJK
212504,171,68,,2007,Liberia,LBR
212428,131,69,,2007,Cuba,CUB
212434,132,70,,2007,Dominican Republic,DOM
212530,186,70,,2007,Bangladesh,BGD
212360,93,71,,2007,Bosnia and Herzegovina,BIH
212474,153,71,,2007,Uzbekistan,UZB
212492,165,71,,2007,Central African Republic,CAF
212464,147,72,,2007,Mongolia,MNG
212482,157,72,,2007,Madagascar,MDG
212508,175,72,,2007,Cameroon,CMR
212510,176,72,,2007,Congo (Rep.),COG
212494,163,73,,2007,India,IND
212454,141,74,,2007,Sao Tome and Principe,
212458,144,74,,2007,Mozambique,MOZ
212480,156,74,,2007,Gabon,GAB
212498,166,74,,2007,Algeria,DZA
212476,154,75,,2007,Haiti,HTI
212484,161,75,,2007,Rwanda,RWA
212488,162,75,,2007,Turkmenistan,TKM
212478,158,76,,2007,Bhutan,BTN
212522,181,76,,2007,Sri Lanka,LKA
212362,94,77,,2007,Albania,ALB
212502,170,77,,2007,Laos,LAO
212446,137,78,,2007,China,CHN
212506,172,78,,2007,Vietnam,VNM
212518,177,78,,2007,Jordan,JOR
212538,191,78,,2007,Libya,LBY
212540,192,78,,2007,Nepal,NPL
212496,167,79,,2007,Angola,AGO
212500,169,79,,2007,Equatorial Guinea,GNQ
212536,190,79,,2007,Eritrea,ERI
212514,174,80,,2007,Burundi,BDI
212516,178,80,,2007,Djibouti,DJI
212526,183,80,,2007,Ethiopia,ETH
212528,184,80,,2007,North Korea,PRK
212542,194,80,,2007,Yemen,YEM
212490,164,81,,2007,Cambodia,KHM
212548,197,81,,2007,Syria,SYR
212524,182,82,,2007,Sudan,SDN
212534,189,82,,2007,Lebanon,LBN
212520,180,83,,2007,Myanmar,MMR
212546,196,83,,2007,Pakistan,PAK
212532,187,84,,2007,Iran,IRN
212544,195,84,,2007,Somalia,SOM
212550,198,84,,2007,Iraq,IRQ
212552,199,86,,2007,Afghanistan,AFG
21669,2,1,157,2008,Denmark,DNK
21789,3,2,156,2008,Finland,FIN
211009,17,2,156,2008,Ireland,IRL
211617,19,2,156,2008,Portugal,PRT
21369,12,3,155,2008,Belgium,BEL
21839,1,3,155,2008,Germany,DEU
211907,9,3,155,2008,Sweden,SWE
212107,20,3,155,2008,United States,USA
21509,21,4,154,2008,Canada,CAN
211029,5,4,154,2008,Italy,ITA
211049,6,4,154,2008,Japan,JPN
211207,13,4,154,2008,Luxembourg,LUX
211447,14,4,154,2008,Netherlands,NLD
211827,15,4,154,2008,Spain,ESP
21299,11,5,153,2008,Austria,AUT
211507,7,5,153,2008,Norway,NOR
21799,4,6,152,2008,France,FRA
212067,10,6,152,2008,United Kingdom,GBR
21289,22,7,151,2008,Australia,AUS
211457,24,8,150,2008,New Zealand,NZL
211747,8,8,150,2008,Singapore,
21859,23,9,149,2008,Greece,GRC
211917,16,9,149,2008,Switzerland,CHE
21959,26,10,146,2008,Iceland,ISL
211257,34,11,145,2008,Malaysia,MYS
211807,18,12,144,2008,South Korea,KOR
211187,29,13,140,2008,Liechtenstein,
21649,39,14,139,2008,Cyprus,CYP
211287,27,14,139,2008,Malta,
211767,31,14,139,2008,Slovenia,SVN
211677,43,15,134,2008,San Marino,
211607,36,16,132,2008,Poland,POL
21659,25,17,131,2008,Czech Republic,CZE
21949,28,17,131,2008,Hungary,HUN
211357,37,17,131,2008,Monaco,
211757,30,18,130,2008,Slovakia,SVK
21449,48,19,129,2008,Brunei,BRN
21239,42,20,127,2008,Andorra,
21269,40,20,127,2008,Argentina,ARG
21549,38,20,127,2008,Chile,CHL
21759,35,20,127,2008,Estonia,EST
211137,32,20,127,2008,Latvia,LVA
211197,33,21,125,2008,Lithuania,LTU
21939,45,22,123,2008,Hong Kong,
21439,41,23,122,2008,Brazil,BRA
211019,49,24,118,2008,Israel,ISR
212097,54,24,118,2008,Uruguay,URY
21459,46,25,116,2008,Bulgaria,BGR
211637,47,26,115,2008,Romania,ROU
211327,51,27,114,2008,Mexico,MEX
212147,64,28,111,2008,Venezuela,VEN
21609,57,29,108,2008,Costa Rica,CRI
21629,44,29,108,2008,Croatia,HRV
211577,63,30,104,2008,Paraguay,PRY
21879,72,31,100,2008,Guatemala,GTM
21929,70,31,100,2008,Honduras,HND
211557,65,31,100,2008,Panama,PAN
21729,73,32,98,2008,El Salvador,SLV
211467,79,33,93,2008,Nicaragua,NIC
212137,56,33,,2008,Vatican City,
21349,50,34,89,2008,Barbados,
211797,96,35,88,2008,South Africa,ZAF
211217,68,36,87,2008,Macao (SAR China),
21319,52,37,96,2008,Bahamas,BHS
211867,67,37,86,2008,St. Vincent and the Grenadines,
211847,55,38,84,2008,St. Kitts and Nevis,
211857,66,38,84,2008,St. Lucia,
212007,61,39,83,2008,Trinidad and Tobago,TTO
21259,58,40,82,2008,Antigua and Barbuda,
21869,69,41,79,2008,Grenada,
21379,97,42,75,2008,Belize,BLZ
212027,91,42,75,2008,Turkey,TUR
211777,76,43,73,2008,Solomon Islands,SLB
21689,71,44,71,2008,Dominica,
211727,53,44,71,2008,Seychelles,
212047,85,45,70,2008,Tuvalu,
21909,101,46,69,2008,Guyana,GUY
211667,77,46,69,2008,Samoa,
212127,78,47,68,2008,Vanuatu,VUT
211039,105,48,67,2008,Jamaica,JAM
211089,86,48,67,2008,Kiribati,
211317,60,48,67,2008,Mauritius,
21779,100,49,66,2008,Fiji,FJI
21409,107,50,65,2008,Bolivia,BOL
211267,103,51,64,2008,Maldives,
211427,104,51,64,2008,Nauru,
211997,84,51,64,2008,Tonga,
21819,121,52,62,2008,Gambia,GMB
211157,119,52,62,2008,Lesotho,LSO
211587,74,52,62,2008,Peru,PER
211247,122,53,60,2008,Malawi,MWI
211647,89,53,60,2008,Russian Federation,RUS
211737,133,53,60,2008,Sierra Leone,SLE
21429,108,54,59,2008,Botswana,BWA
211567,106,54,59,2008,Papua New Guinea,PNG
211897,117,54,59,2008,Eswatini (Swaziland),SWZ
211937,59,54,59,2008,Taiwan,TWN
21709,98,55,58,2008,Ecuador,ECU
211079,118,55,58,2008,Kenya,KEN
211227,82,55,,2008,North Macedonia,MKD
211417,112,55,58,2008,Namibia,NAM
211297,83,56,57,2008,Marshall Islands,
211887,111,56,57,2008,Suriname,SUR
212177,125,56,57,2008,Zambia,ZMB
211107,102,57,56,2008,Kuwait,KWT
21849,134,58,55,2008,Ghana,GHA
212017,124,58,55,2008,Tunisia,TUN
211957,123,59,54,2008,Tanzania,TZA
21329,110,60,53,2008,Bahrain,
211627,109,60,53,2008,Qatar,QAT
212057,130,60,53,2008,Uganda,UGA
211537,92,61,,2008,Palau Islands,
211967,113,61,52,2008,Thailand,THA
212087,62,61,52,2008,United Arab Emirates,ARE
212187,135,61,52,2008,Zimbabwe,ZWE
211377,88,62,,2008,Montenegro,MNE
211597,129,62,50,2008,Philippines,PHL
211717,75,62,50,2008,Serbia,SRB
212077,80,62,50,2008,Ukraine,UKR
21359,116,63,49,2008,Belarus,BLR
211307,143,63,49,2008,Mauritania,MRT
211517,115,63,49,2008,Oman,OMN
21569,81,64,48,2008,Colombia,COL
211707,145,64,48,2008,Senegal,SEN
21389,136,65,47,2008,Benin,BEN
21519,127,65,,2008,Cape Verde Islands,
21619,146,65,,2008,Cote d'Ivoire (Ivory Coast),CIV
211069,114,65,47,2008,Kazakhstan,KAZ
211277,150,65,47,2008,Mali,MLI
211477,151,65,47,2008,Niger,NER
21279,139,66,46,2008,Armenia,ARM
21829,95,66,46,2008,Georgia,GEO
21889,149,66,46,2008,Guinea,GIN
211347,87,66,,2008,Moldova,MDA
211487,173,67,45,2008,Nigeria,NGA
21309,126,68,44,2008,Azerbaijan,AZE
21469,142,68,44,2008,Burkina Faso,BFA
211117,140,68,44,2008,Kyrgyzstan,KGZ
211947,152,68,44,2008,Tajikistan,TJK
21699,132,69,43,2008,Dominican Republic,DOM
21979,128,69,43,2008,Indonesia,IDN
211337,90,69,,2008,Micronesia,
211987,148,69,43,2008,Togo,TGO
21639,131,70,42,2008,Cuba,CUB
21899,160,70,42,2008,Guinea-Bissau,GNB
211387,138,70,42,2008,Morocco,MAR
211697,120,70,42,2008,Saudi Arabia,SAU
212117,153,71,41,2008,Uzbekistan,UZB
21419,93,72,40,2008,Bosnia and Herzegovina,BIH
211167,171,72,40,2008,Liberia,LBR
21339,186,73,39,2008,Bangladesh,BGD
211237,157,73,39,2008,Madagascar,MDG
211367,147,73,39,2008,Mongolia,MNG
212037,162,74,38,2008,Turkmenistan,TKM
21499,175,75,37,2008,Cameroon,CMR
21529,165,75,37,2008,Central African Republic,CAF
21539,155,75,,2008,Chad,TCD
21969,163,75,37,2008,India,IND
211397,144,75,37,2008,Mozambique,MOZ
211687,141,75,37,2008,Sao Tome and Principe,
211977,99,75,,2008,Timor-Leste,
21219,94,76,36,2008,Albania,ALB
21229,166,76,36,2008,Algeria,DZA
21399,158,76,36,2008,Bhutan,BTN
21599,176,76,36,2008,Congo (Rep.),COG
21919,154,76,36,2008,Haiti,HTI
21809,156,77,35,2008,Gabon,GAB
21719,168,78,,2008,Egypt,EGY
211657,161,78,34,2008,Rwanda,RWA
21559,137,79,33,2008,China,CHN
211127,170,79,33,2008,Laos,LAO
211837,181,79,33,2008,Sri Lanka,LKA
212157,172,79,33,2008,Vietnam,VNM
211177,191,80,32,2008,Libya,LBY
211437,192,80,32,2008,Nepal,NPL
21249,167,81,31,2008,Angola,AGO
21579,159,81,,2008,Comores Islands,
21479,174,82,30,2008,Burundi,BDI
21739,169,82,30,2008,Equatorial Guinea,GNQ
211059,177,82,30,2008,Jordan,JOR
211927,197,82,30,2008,Syria,SYR
212167,194,82,30,2008,Yemen,YEM
21489,164,83,29,2008,Cambodia,KHM
21749,190,83,29,2008,Eritrea,ERI
21769,183,83,29,2008,Ethiopia,ETH
211497,184,83,29,2008,North Korea,PRK
21679,178,84,28,2008,Djibouti,DJI
211147,189,85,27,2008,Lebanon,LBN
211407,180,85,27,2008,Myanmar,MMR
211817,185,86,,2008,South Sudan,SDS
211877,182,86,26,2008,Sudan,SDN
21989,187,87,25,2008,Iran,IRN
211527,196,87,25,2008,Pakistan,PAK
211787,195,87,25,2008,Somalia,SOM
21999,198,88,23,2008,Iraq,IRQ
21209,199,89,22,2008,Afghanistan,AFG
21589,179,90,,2008,Congo (Dem. Rep.),COD
211547,193,97,,2008,Palestinian Territory,PSX
21668,2,1,,2009,Denmark,DNK
21788,3,2,,2009,Finland,FIN
211008,17,2,,2009,Ireland,IRL
211616,19,2,,2009,Portugal,PRT
21368,12,3,,2009,Belgium,BEL
21838,1,3,,2009,Germany,DEU
211906,9,3,,2009,Sweden,SWE
212106,20,3,,2009,United States,USA
21508,21,4,,2009,Canada,CAN
211028,5,4,,2009,Italy,ITA
211048,6,4,,2009,Japan,JPN
211206,13,4,,2009,Luxembourg,LUX
211446,14,4,,2009,Netherlands,NLD
211826,15,4,,2009,Spain,ESP
21298,11,5,,2009,Austria,AUT
211506,7,5,,2009,Norway,NOR
21798,4,6,,2009,France,FRA
212066,10,6,,2009,United Kingdom,GBR
21288,22,7,,2009,Australia,AUS
211456,24,8,,2009,New Zealand,NZL
211746,8,8,,2009,Singapore,
21858,23,9,,2009,Greece,GRC
211916,16,9,,2009,Switzerland,CHE
21958,26,10,,2009,Iceland,ISL
211256,34,11,,2009,Malaysia,MYS
211806,18,12,,2009,South Korea,KOR
211186,29,13,,2009,Liechtenstein,
21648,39,14,,2009,Cyprus,CYP
211286,27,14,,2009,Malta,
211766,31,14,,2009,Slovenia,SVN
211676,43,15,,2009,San Marino,
211606,36,16,,2009,Poland,POL
21658,25,17,,2009,Czech Republic,CZE
21948,28,17,,2009,Hungary,HUN
211356,37,17,,2009,Monaco,
211756,30,18,,2009,Slovakia,SVK
21448,48,19,,2009,Brunei,BRN
21238,42,20,,2009,Andorra,
21268,40,20,,2009,Argentina,ARG
21548,38,20,,2009,Chile,CHL
21758,35,20,,2009,Estonia,EST
211136,32,20,,2009,Latvia,LVA
211196,33,21,,2009,Lithuania,LTU
21938,45,22,,2009,Hong Kong,
21438,41,23,,2009,Brazil,BRA
211018,49,24,,2009,Israel,ISR
212096,54,24,,2009,Uruguay,URY
21458,46,25,,2009,Bulgaria,BGR
211636,47,26,,2009,Romania,ROU
211326,51,27,,2009,Mexico,MEX
212146,64,28,,2009,Venezuela,VEN
21608,57,29,,2009,Costa Rica,CRI
21628,44,29,,2009,Croatia,HRV
211576,63,30,,2009,Paraguay,PRY
21878,72,31,,2009,Guatemala,GTM
21928,70,31,,2009,Honduras,HND
211556,65,31,,2009,Panama,PAN
21728,73,32,,2009,El Salvador,SLV
211466,79,33,,2009,Nicaragua,NIC
21348,50,34,,2009,Barbados,
211796,96,35,,2009,South Africa,ZAF
211216,68,36,,2009,Macao (SAR China),
212136,56,36,,2009,Vatican City,
21318,52,37,,2009,Bahamas,BHS
211866,67,37,,2009,St. Vincent and the Grenadines,
211846,55,38,,2009,St. Kitts and Nevis,
211856,66,38,,2009,St. Lucia,
212006,61,39,,2009,Trinidad and Tobago,TTO
21258,58,40,,2009,Antigua and Barbuda,
21868,69,41,,2009,Grenada,
21378,97,42,,2009,Belize,BLZ
212026,91,42,,2009,Turkey,TUR
211776,76,43,,2009,Solomon Islands,SLB
21688,71,44,,2009,Dominica,
211726,53,44,,2009,Seychelles,
212046,85,45,,2009,Tuvalu,
21908,101,46,,2009,Guyana,GUY
211666,77,46,,2009,Samoa,
212126,78,47,,2009,Vanuatu,VUT
211038,105,48,,2009,Jamaica,JAM
211088,86,48,,2009,Kiribati,
211316,60,48,,2009,Mauritius,
21778,100,49,,2009,Fiji,FJI
21408,107,50,,2009,Bolivia,BOL
211226,82,51,,2009,North Macedonia,MKD
211266,103,51,,2009,Maldives,
211426,104,51,,2009,Nauru,
211996,84,51,,2009,Tonga,
21818,121,52,,2009,Gambia,GMB
211156,119,52,,2009,Lesotho,LSO
211586,74,52,,2009,Peru,PER
211246,122,53,,2009,Malawi,MWI
211646,89,53,,2009,Russian Federation,RUS
211736,133,53,,2009,Sierra Leone,SLE
21428,108,54,,2009,Botswana,BWA
211566,106,54,,2009,Papua New Guinea,PNG
211896,117,54,,2009,Eswatini (Swaziland),SWZ
211936,59,54,,2009,Taiwan,TWN
21708,98,55,,2009,Ecuador,ECU
211078,118,55,,2009,Kenya,KEN
211416,112,55,,2009,Namibia,NAM
211296,83,56,,2009,Marshall Islands,
211886,111,56,,2009,Suriname,SUR
212176,125,56,,2009,Zambia,ZMB
211106,102,57,,2009,Kuwait,KWT
21848,134,58,,2009,Ghana,GHA
212016,124,58,,2009,Tunisia,TUN
211956,123,59,,2009,Tanzania,TZA
21328,110,60,,2009,Bahrain,
211626,109,60,,2009,Qatar,QAT
212056,130,60,,2009,Uganda,UGA
211536,92,61,,2009,Palau Islands,
211966,113,61,,2009,Thailand,THA
212086,62,61,,2009,United Arab Emirates,ARE
212186,135,61,,2009,Zimbabwe,ZWE
211376,88,62,,2009,Montenegro,MNE
211596,129,62,,2009,Philippines,PHL
211716,75,62,,2009,Serbia,SRB
212076,80,62,,2009,Ukraine,UKR
21358,116,63,,2009,Belarus,BLR
211306,143,63,,2009,Mauritania,MRT
211516,115,63,,2009,Oman,OMN
21568,81,64,,2009,Colombia,COL
211706,145,64,,2009,Senegal,SEN
21388,136,65,,2009,Benin,BEN
21518,127,65,,2009,Cape Verde Islands,
21618,146,65,,2009,Cote d'Ivoire (Ivory Coast),CIV
211068,114,65,,2009,Kazakhstan,KAZ
211276,150,65,,2009,Mali,MLI
211476,151,65,,2009,Niger,NER
21278,139,66,,2009,Armenia,ARM
21828,95,66,,2009,Georgia,GEO
21888,149,66,,2009,Guinea,GIN
211346,87,66,,2009,Moldova,MDA
211486,173,67,,2009,Nigeria,NGA
21308,126,68,,2009,Azerbaijan,AZE
21468,142,68,,2009,Burkina Faso,BFA
211116,140,68,,2009,Kyrgyzstan,KGZ
211946,152,68,,2009,Tajikistan,TJK
21698,132,69,,2009,Dominican Republic,DOM
21978,128,69,,2009,Indonesia,IDN
211336,90,69,,2009,Micronesia,
211986,148,69,,2009,Togo,TGO
21638,131,70,,2009,Cuba,CUB
21898,160,70,,2009,Guinea-Bissau,GNB
211386,138,70,,2009,Morocco,MAR
211696,120,70,,2009,Saudi Arabia,SAU
212116,153,71,,2009,Uzbekistan,UZB
21418,93,72,,2009,Bosnia and Herzegovina,BIH
211166,171,72,,2009,Liberia,LBR
21338,186,73,,2009,Bangladesh,BGD
211236,157,73,,2009,Madagascar,MDG
211366,147,73,,2009,Mongolia,MNG
212036,162,74,,2009,Turkmenistan,TKM
21498,175,75,,2009,Cameroon,CMR
21528,165,75,,2009,Central African Republic,CAF
21538,155,75,,2009,Chad,TCD
21968,163,75,,2009,India,IND
211396,144,75,,2009,Mozambique,MOZ
211686,141,75,,2009,Sao Tome and Principe,
211976,99,75,,2009,Timor-Leste,
21218,94,76,,2009,Albania,ALB
21228,166,76,,2009,Algeria,DZA
21398,158,76,,2009,Bhutan,BTN
21598,176,76,,2009,Congo (Rep.),COG
21918,154,76,,2009,Haiti,HTI
21808,156,77,,2009,Gabon,GAB
21718,168,78,,2009,Egypt,EGY
211656,161,78,,2009,Rwanda,RWA
21558,137,79,,2009,China,CHN
211126,170,79,,2009,Laos,LAO
211836,181,79,,2009,Sri Lanka,LKA
212156,172,79,,2009,Vietnam,VNM
211176,191,80,,2009,Libya,LBY
211436,192,80,,2009,Nepal,NPL
21248,167,81,,2009,Angola,AGO
21478,174,82,,2009,Burundi,BDI
21738,169,82,,2009,Equatorial Guinea,GNQ
211058,177,82,,2009,Jordan,JOR
211926,197,82,,2009,Syria,SYR
212166,194,82,,2009,Yemen,YEM
21488,164,83,,2009,Cambodia,KHM
21748,190,83,,2009,Eritrea,ERI
21768,183,83,,2009,Ethiopia,ETH
211496,184,83,,2009,North Korea,PRK
21678,178,84,,2009,Djibouti,DJI
21578,159,85,,2009,Comores Islands,
211146,189,85,,2009,Lebanon,LBN
211406,180,85,,2009,Myanmar,MMR
211816,185,86,,2009,South Sudan,SDS
211876,182,86,,2009,Sudan,SDN
21988,187,87,,2009,Iran,IRN
211526,196,87,,2009,Pakistan,PAK
211786,195,87,,2009,Somalia,SOM
21998,198,88,,2009,Iraq,IRQ
21208,199,89,,2009,Afghanistan,AFG
21588,179,89,,2009,Congo (Dem. Rep.),COD
211546,193,97,,2009,Palestinian Territory,PSX
212065,10,1,166,2010,United Kingdom,GBR
21667,2,2,164,2010,Denmark,DNK
211905,9,3,163,2010,Sweden,SWE
21787,3,4,162,2010,Finland,FIN
211205,13,4,162,2010,Luxembourg,LUX
21797,4,5,161,2010,France,FRA
21837,1,5,161,2010,Germany,DEU
211027,5,5,161,2010,Italy,ITA
211445,14,5,161,2010,Netherlands,NLD
21367,12,6,160,2010,Belgium,BEL
211047,6,6,160,2010,Japan,JPN
211825,15,6,160,2010,Spain,ESP
211007,17,7,159,2010,Ireland,IRL
211505,7,7,159,2010,Norway,NOR
212105,20,7,159,2010,United States,USA
21297,11,8,158,2010,Austria,AUT
211615,19,8,158,2010,Portugal,PRT
21287,22,9,157,2010,Australia,AUS
21507,21,9,157,2010,Canada,CAN
211455,24,9,157,2010,New Zealand,NZL
211915,16,10,156,2010,Switzerland,CHE
211745,8,11,155,2010,Singapore,
21857,23,12,153,2010,Greece,GRC
21957,26,13,151,2010,Iceland,ISL
211255,34,13,151,2010,Malaysia,MYS
211805,18,13,151,2010,South Korea,KOR
211185,29,14,147,2010,Liechtenstein,
211285,27,15,146,2010,Malta,
211605,36,16,145,2010,Poland,POL
211755,30,17,144,2010,Slovakia,SVK
211765,31,17,144,2010,Slovenia,SVN
21647,39,18,142,2010,Cyprus,CYP
21657,25,18,142,2010,Czech Republic,CZE
21947,28,18,142,2010,Hungary,HUN
21757,35,19,140,2010,Estonia,EST
21937,45,19,140,2010,Hong Kong,
211195,33,19,140,2010,Lithuania,LTU
211135,32,20,139,2010,Latvia,LVA
211355,37,21,138,2010,Monaco,
211635,47,22,136,2010,Romania,ROU
211675,43,23,135,2010,San Marino,
21447,48,24,134,2010,Brunei,BRN
21457,46,25,133,2010,Bulgaria,BGR
211017,49,25,133,2010,Israel,ISR
21267,40,26,132,2010,Argentina,ARG
21237,42,27,131,2010,Andorra,
21547,38,27,131,2010,Chile,CHL
21437,41,28,130,2010,Brazil,BRA
21347,50,29,127,2010,Barbados,
21317,52,30,124,2010,Bahamas,BHS
211845,55,31,121,2010,St. Kitts and Nevis,
211325,51,32,120,2010,Mexico,MEX
21257,58,33,119,2010,Antigua and Barbuda,
212095,54,34,118,2010,Uruguay,URY
21627,44,35,116,2010,Croatia,HRV
212145,64,36,115,2010,Venezuela,VEN
21607,57,37,114,2010,Costa Rica,CRI
211725,53,38,113,2010,Seychelles,
211575,63,39,112,2010,Paraguay,PRY
212135,56,39,112,2010,Vatican City,
211315,60,40,111,2010,Mauritius,
211555,65,41,106,2010,Panama,PAN
21727,73,42,105,2010,El Salvador,SLV
21877,72,42,105,2010,Guatemala,GTM
21927,70,42,105,2010,Honduras,HND
211465,79,43,101,2010,Nicaragua,NIC
211215,68,44,99,2010,Macao (SAR China),
212005,61,45,92,2010,Trinidad and Tobago,TTO
211225,82,46,,2010,North Macedonia,MKD
211855,66,46,89,2010,St. Lucia,
212025,91,46,89,2010,Turkey,TUR
211715,75,47,88,2010,Serbia,SRB
211795,96,47,88,2010,South Africa,ZAF
211865,67,47,88,2010,St. Vincent and the Grenadines,
211375,88,48,86,2010,Montenegro,MNE
21867,69,49,83,2010,Grenada,
211645,89,49,83,2010,Russian Federation,RUS
21377,97,50,82,2010,Belize,BLZ
21687,71,51,80,2010,Dominica,
211775,76,52,78,2010,Solomon Islands,SLB
211665,77,53,77,2010,Samoa,
212045,85,54,75,2010,Tuvalu,
212125,78,55,74,2010,Vanuatu,VUT
211037,105,56,73,2010,Jamaica,JAM
211087,86,56,73,2010,Kiribati,
211265,103,56,73,2010,Maldives,
211425,104,56,73,2010,Nauru,
21777,100,57,72,2010,Fiji,FJI
21907,101,57,72,2010,Guyana,GUY
211995,84,57,72,2010,Tonga,
211105,102,58,71,2010,Kuwait,KWT
211585,74,58,71,2010,Peru,PER
211565,106,59,70,2010,Papua New Guinea,PNG
21427,108,60,69,2010,Botswana,BWA
21817,121,61,68,2010,Gambia,GMB
21327,110,62,67,2010,Bahrain,
211415,112,62,67,2010,Namibia,NAM
211625,109,63,66,2010,Qatar,QAT
21707,98,64,65,2010,Ecuador,ECU
211077,118,64,65,2010,Kenya,KEN
211155,119,64,65,2010,Lesotho,LSO
211245,122,64,65,2010,Malawi,MWI
211735,133,64,65,2010,Sierra Leone,SLE
211895,117,65,64,2010,Eswatini (Swaziland),SWZ
212075,80,65,64,2010,Ukraine,UKR
212085,62,65,64,2010,United Arab Emirates,ARE
212175,125,65,64,2010,Zambia,ZMB
211295,83,66,63,2010,Marshall Islands,
211345,87,66,,2010,Moldova,MDA
211885,111,66,63,2010,Suriname,SUR
21407,107,67,62,2010,Bolivia,BOL
21847,134,67,62,2010,Ghana,GHA
212015,124,67,62,2010,Tunisia,TUN
211515,115,68,61,2010,Oman,OMN
211955,123,68,61,2010,Tanzania,TZA
211335,90,69,60,2010,Micronesia,
211935,59,69,60,2010,Taiwan,TWN
211965,113,69,60,2010,Thailand,THA
211535,92,70,,2010,Palau Islands,
212055,130,70,59,2010,Uganda,UGA
212185,135,70,59,2010,Zimbabwe,ZWE
211695,120,71,57,2010,Saudi Arabia,SAU
21357,116,72,56,2010,Belarus,BLR
21617,146,72,,2010,Cote d'Ivoire (Ivory Coast),CIV
21827,95,72,56,2010,Georgia,GEO
21387,136,73,54,2010,Benin,BEN
21517,127,73,,2010,Cape Verde Islands,
21567,81,73,54,2010,Colombia,COL
211067,114,73,54,2010,Kazakhstan,KAZ
211595,129,73,54,2010,Philippines,PHL
21417,93,74,53,2010,Bosnia and Herzegovina,BIH
211115,140,74,53,2010,Kyrgyzstan,KGZ
21887,149,75,52,2010,Guinea,GIN
211275,150,75,52,2010,Mali,MLI
211305,143,75,52,2010,Mauritania,MRT
21277,139,76,51,2010,Armenia,ARM
21307,126,76,51,2010,Azerbaijan,AZE
21467,142,76,51,2010,Burkina Faso,BFA
211385,138,76,51,2010,Morocco,MAR
211475,151,76,51,2010,Niger,NER
211485,173,76,51,2010,Nigeria,NGA
211705,145,76,51,2010,Senegal,SEN
211985,148,76,51,2010,Togo,TGO
21697,132,77,50,2010,Dominican Republic,DOM
21967,163,77,50,2010,India,IND
211945,152,77,50,2010,Tajikistan,TJK
21217,94,78,49,2010,Albania,ALB
21637,131,78,49,2010,Cuba,CUB
21227,166,79,48,2010,Algeria,DZA
21897,160,79,48,2010,Guinea-Bissau,GNB
212115,153,80,47,2010,Uzbekistan,UZB
21527,165,81,46,2010,Central African Republic,CAF
21537,155,82,,2010,Chad,TCD
211165,171,82,45,2010,Liberia,LBR
211365,147,82,45,2010,Mongolia,MNG
211395,144,82,45,2010,Mozambique,MOZ
21397,158,83,44,2010,Bhutan,BTN
211235,157,83,44,2010,Madagascar,MDG
211685,141,83,44,2010,Sao Tome and Principe,
21717,168,84,,2010,Egypt,EGY
21977,128,84,43,2010,Indonesia,IDN
211835,181,84,43,2010,Sri Lanka,LKA
212155,172,84,43,2010,Vietnam,VNM
21337,186,85,42,2010,Bangladesh,BGD
21497,175,85,42,2010,Cameroon,CMR
21597,176,85,42,2010,Congo (Rep.),COG
21807,156,85,42,2010,Gabon,GAB
21917,154,85,42,2010,Haiti,HTI
211125,170,85,42,2010,Laos,LAO
211975,99,85,,2010,Timor-Leste,
212035,162,86,41,2010,Turkmenistan,TKM
21487,164,87,39,2010,Cambodia,KHM
211057,177,87,39,2010,Jordan,JOR
211175,191,87,39,2010,Libya,LBY
211655,161,87,39,2010,Rwanda,RWA
211925,197,87,39,2010,Syria,SYR
21557,137,88,38,2010,China,CHN
211435,192,88,38,2010,Nepal,NPL
212165,194,88,38,2010,Yemen,YEM
21477,174,89,37,2010,Burundi,BDI
21577,159,89,,2010,Comores Islands,
21737,169,89,37,2010,Equatorial Guinea,GNQ
211097,188,89,37,2010,Kosovo,KOS
21587,179,90,36,2010,Congo (Dem. Rep.),COD
211495,184,90,36,2010,North Korea,PRK
211525,196,90,36,2010,Pakistan,PAK
21677,178,91,35,2010,Djibouti,DJI
21247,167,92,34,2010,Angola,AGO
21767,183,92,34,2010,Ethiopia,ETH
21987,187,92,34,2010,Iran,IRN
211405,180,92,34,2010,Myanmar,MMR
21747,190,93,33,2010,Eritrea,ERI
211145,189,94,32,2010,Lebanon,LBN
211785,195,95,31,2010,Somalia,SOM
211815,185,96,30,2010,South Sudan,SDS
211875,182,96,30,2010,Sudan,SDN
21997,198,97,27,2010,Iraq,IRQ
211545,193,97,,2010,Palestinian Territory,PSX
21207,199,98,26,2010,Afghanistan,AFG
21666,2,1,173,2011,Denmark,DNK
21786,3,1,173,2011,Finland,FIN
211904,9,1,173,2011,Sweden,SWE
21836,1,2,172,2011,Germany,DEU
21366,12,3,171,2011,Belgium,BEL
21796,4,3,171,2011,France,FRA
211026,5,3,171,2011,Italy,ITA
211204,13,3,171,2011,Luxembourg,LUX
211444,14,3,171,2011,Netherlands,NLD
212064,10,3,171,2011,United Kingdom,GBR
211046,6,4,170,2011,Japan,JPN
211504,7,4,170,2011,Norway,NOR
211614,19,4,170,2011,Portugal,PRT
211824,15,4,170,2011,Spain,ESP
211006,17,5,169,2011,Ireland,IRL
212104,20,5,169,2011,United States,USA
21296,11,6,168,2011,Austria,AUT
211914,16,7,167,2011,Switzerland,CHE
21286,22,8,166,2011,Australia,AUS
21856,23,8,166,2011,Greece,GRC
211454,24,8,166,2011,New Zealand,NZL
21506,21,9,164,2011,Canada,CAN
21956,26,9,164,2011,Iceland,ISL
211744,8,9,164,2011,Singapore,
211804,18,10,163,2011,South Korea,KOR
211284,27,11,160,2011,Malta,
211184,29,12,158,2011,Liechtenstein,
211254,34,12,158,2011,Malaysia,MYS
21946,28,13,157,2011,Hungary,HUN
211754,30,13,157,2011,Slovakia,SVK
211764,31,14,156,2011,Slovenia,SVN
21656,25,15,155,2011,Czech Republic,CZE
211604,36,16,154,2011,Poland,POL
21756,35,17,153,2011,Estonia,EST
211134,32,17,153,2011,Latvia,LVA
211194,33,17,153,2011,Lithuania,LTU
21646,39,18,150,2011,Cyprus,CYP
211354,37,18,150,2011,Monaco,
21936,45,19,149,2011,Hong Kong,
211674,43,20,148,2011,San Marino,
21446,48,21,144,2011,Brunei,BRN
211634,47,21,144,2011,Romania,ROU
21236,42,22,143,2011,Andorra,
21456,46,22,143,2011,Bulgaria,BGR
211016,49,23,142,2011,Israel,ISR
21266,40,24,141,2011,Argentina,ARG
21546,38,24,141,2011,Chile,CHL
21436,41,25,140,2011,Brazil,BRA
21346,50,26,137,2011,Barbados,
21316,52,27,136,2011,Bahamas,BHS
211844,55,28,131,2011,St. Kitts and Nevis,
211324,51,29,129,2011,Mexico,MEX
21256,58,30,128,2011,Antigua and Barbuda,
212094,54,31,127,2011,Uruguay,URY
212134,56,32,125,2011,Vatican City,
211724,53,33,124,2011,Seychelles,
212144,64,33,124,2011,Venezuela,VEN
21626,44,34,122,2011,Croatia,HRV
211314,60,34,122,2011,Mauritius,
211574,63,35,121,2011,Paraguay,PRY
21606,57,36,120,2011,Costa Rica,CRI
211554,65,37,114,2011,Panama,PAN
21726,73,38,113,2011,El Salvador,SLV
21876,72,39,112,2011,Guatemala,GTM
21926,70,39,112,2011,Honduras,HND
211934,59,40,111,2011,Taiwan,TWN
211214,68,41,109,2011,Macao (SAR China),
211464,79,42,108,2011,Nicaragua,NIC
211714,75,43,100,2011,Serbia,SRB
211224,82,44,,2011,North Macedonia,MKD
211374,88,45,97,2011,Montenegro,MNE
212004,61,46,95,2011,Trinidad and Tobago,TTO
211794,96,47,92,2011,South Africa,ZAF
211854,66,48,91,2011,St. Lucia,
211864,67,48,91,2011,St. Vincent and the Grenadines,
212024,91,48,91,2011,Turkey,TUR
211644,89,49,89,2011,Russian Federation,RUS
21416,93,50,87,2011,Bosnia and Herzegovina,BIH
21866,69,51,86,2011,Grenada,
21216,94,52,84,2011,Albania,ALB
21376,97,53,83,2011,Belize,BLZ
21686,71,54,82,2011,Dominica,
211774,76,55,79,2011,Solomon Islands,SLB
211664,77,56,78,2011,Samoa,
21776,100,57,76,2011,Fiji,FJI
211264,103,57,76,2011,Maldives,
212044,85,57,76,2011,Tuvalu,
211036,105,58,75,2011,Jamaica,JAM
211584,74,58,75,2011,Peru,PER
212124,78,58,75,2011,Vanuatu,VUT
21906,101,59,74,2011,Guyana,GUY
211086,86,59,74,2011,Kiribati,
211424,104,60,73,2011,Nauru,
211994,84,60,73,2011,Tonga,
211104,102,61,71,2011,Kuwait,KWT
211564,106,62,70,2011,Papua New Guinea,PNG
21706,98,63,69,2011,Ecuador,ECU
21816,121,63,69,2011,Gambia,GMB
211294,83,63,69,2011,Marshall Islands,
212074,80,63,69,2011,Ukraine,UKR
21426,108,64,68,2011,Botswana,BWA
21406,107,65,67,2011,Bolivia,BOL
212084,62,65,67,2011,United Arab Emirates,ARE
211334,90,66,66,2011,Micronesia,
211624,109,66,66,2011,Qatar,QAT
211884,111,66,66,2011,Suriname,SUR
21326,110,67,65,2011,Bahrain,
211076,118,67,65,2011,Kenya,KEN
211154,119,67,65,2011,Lesotho,LSO
211244,122,67,65,2011,Malawi,MWI
211344,87,67,,2011,Moldova,MDA
211414,112,67,65,2011,Namibia,NAM
211534,92,67,,2011,Palau Islands,
211734,133,68,64,2011,Sierra Leone,SLE
211894,117,69,63,2011,Eswatini (Swaziland),SWZ
211964,113,69,63,2011,Thailand,THA
212014,124,69,63,2011,Tunisia,TUN
212174,125,69,63,2011,Zambia,ZMB
21846,134,70,62,2011,Ghana,GHA
211954,123,70,62,2011,Tanzania,TZA
211514,115,71,60,2011,Oman,OMN
212054,130,72,59,2011,Uganda,UGA
21826,95,73,58,2011,Georgia,GEO
211066,114,73,58,2011,Kazakhstan,KAZ
211594,129,73,58,2011,Philippines,PHL
211694,120,73,58,2011,Saudi Arabia,SAU
21356,116,74,57,2011,Belarus,BLR
21306,126,75,56,2011,Azerbaijan,AZE
212184,135,75,56,2011,Zimbabwe,ZWE
21516,127,76,,2011,Cape Verde Islands,
211114,140,76,55,2011,Kyrgyzstan,KGZ
21566,81,77,54,2011,Colombia,COL
21386,136,78,53,2011,Benin,BEN
21966,163,78,53,2011,India,IND
21616,146,79,52,2011,Cote d'Ivoire (Ivory Coast),CIV
21636,131,79,52,2011,Cuba,CUB
21886,149,79,52,2011,Guinea,GIN
211304,143,79,52,2011,Mauritania,MRT
211704,145,79,52,2011,Senegal,SEN
21276,139,80,51,2011,Armenia,ARM
21466,142,80,51,2011,Burkina Faso,BFA
21976,128,80,51,2011,Indonesia,IDN
211274,150,80,51,2011,Mali,MLI
211984,148,80,51,2011,Togo,TGO
211384,138,81,50,2011,Morocco,MAR
211944,152,81,50,2011,Tajikistan,TJK
212114,153,82,49,2011,Uzbekistan,UZB
21696,132,83,48,2011,Dominican Republic,DOM
21896,160,83,48,2011,Guinea-Bissau,GNB
211474,151,83,48,2011,Niger,NER
21226,166,84,46,2011,Algeria,DZA
211484,173,84,46,2011,Nigeria,NGA
212034,162,84,46,2011,Turkmenistan,TKM
211684,141,85,45,2011,Sao Tome and Principe,
21396,158,86,44,2011,Bhutan,BTN
21526,165,86,44,2011,Central African Republic,CAF
211164,171,86,44,2011,Liberia,LBR
211234,157,86,44,2011,Madagascar,MDG
211394,144,86,44,2011,Mozambique,MOZ
211364,147,87,43,2011,Mongolia,MNG
21806,156,88,42,2011,Gabon,GAB
21916,154,88,42,2011,Haiti,HTI
211124,170,88,42,2011,Laos,LAO
211974,99,88,,2011,Timor-Leste,
212154,172,88,42,2011,Vietnam,VNM
21536,155,89,41,2011,Chad,TCD
21716,168,89,41,2011,Egypt,EGY
21486,164,90,40,2011,Cambodia,KHM
21556,137,90,40,2011,China,CHN
211056,177,90,40,2011,Jordan,JOR
21336,186,91,39,2011,Bangladesh,BGD
21596,176,91,39,2011,Congo (Rep.),COG
211654,161,91,39,2011,Rwanda,RWA
212164,194,91,39,2011,Yemen,YEM
21496,175,92,38,2011,Cameroon,CMR
21576,159,92,,2011,Comores Islands,
211174,191,92,38,2011,Libya,LBY
211834,181,92,38,2011,Sri Lanka,LKA
21736,169,93,37,2011,Equatorial Guinea,GNQ
211096,188,93,37,2011,Kosovo,KOS
211494,184,93,37,2011,North Korea,PRK
211924,197,93,37,2011,Syria,SYR
21986,187,94,36,2011,Iran,IRN
21476,174,95,35,2011,Burundi,BDI
21676,178,95,35,2011,Djibouti,DJI
21246,167,96,34,2011,Angola,AGO
21586,179,96,34,2011,Congo (Dem. Rep.),COD
21766,183,96,34,2011,Ethiopia,ETH
211404,180,96,34,2011,Myanmar,MMR
211434,192,96,34,2011,Nepal,NPL
211144,189,97,33,2011,Lebanon,LBN
211544,193,97,33,2011,Palestinian Territory,PSX
21746,190,98,32,2011,Eritrea,ERI
211814,185,98,32,2011,South Sudan,SDS
211874,182,98,32,2011,Sudan,SDN
211524,196,99,31,2011,Pakistan,PAK
21996,198,100,28,2011,Iraq,IRQ
211784,195,100,28,2011,Somalia,SOM
21206,199,101,24,2011,Afghanistan,AFG
21665,2,1,169,2012,Denmark,DNK
21785,3,2,168,2012,Finland,FIN
21835,1,2,168,2012,Germany,DEU
211903,9,2,168,2012,Sweden,SWE
21365,12,3,167,2012,Belgium,BEL
21795,4,3,167,2012,France,FRA
211443,14,3,167,2012,Netherlands,NLD
212063,10,3,167,2012,United Kingdom,GBR
211025,5,4,166,2012,Italy,ITA
211203,13,4,166,2012,Luxembourg,LUX
212103,20,4,166,2012,United States,USA
211005,17,5,165,2012,Ireland,IRL
211045,6,5,165,2012,Japan,JPN
211453,24,5,165,2012,New Zealand,NZL
211503,7,5,165,2012,Norway,NOR
211613,19,5,165,2012,Portugal,PRT
211823,15,5,165,2012,Spain,ESP
21285,22,6,163,2012,Australia,AUS
21295,11,6,163,2012,Austria,AUT
21505,21,6,163,2012,Canada,CAN
21855,23,7,162,2012,Greece,GRC
211913,16,7,162,2012,Switzerland,CHE
211743,8,8,161,2012,Singapore,
211803,18,9,160,2012,South Korea,KOR
21955,26,10,159,2012,Iceland,ISL
211283,27,11,156,2012,Malta,
211183,29,12,155,2012,Liechtenstein,
211753,30,13,154,2012,Slovakia,SVK
21945,28,14,153,2012,Hungary,HUN
211253,34,14,153,2012,Malaysia,MYS
21655,25,15,152,2012,Czech Republic,CZE
211763,31,16,151,2012,Slovenia,SVN
211603,36,17,150,2012,Poland,POL
21755,35,18,149,2012,Estonia,EST
211133,32,18,148,2012,Latvia,LVA
211193,33,18,149,2012,Lithuania,LTU
21935,45,19,147,2012,Hong Kong,
211353,37,19,147,2012,Monaco,
21645,39,20,146,2012,Cyprus,CYP
211673,43,21,143,2012,San Marino,
21435,41,22,141,2012,Brazil,BRA
211015,49,22,141,2012,Israel,ISR
21235,42,23,140,2012,Andorra,
21265,40,23,140,2012,Argentina,ARG
21445,48,24,139,2012,Brunei,BRN
211633,47,25,138,2012,Romania,ROU
21455,46,26,137,2012,Bulgaria,BGR
21545,38,26,137,2012,Chile,CHL
21345,50,27,135,2012,Barbados,
21315,52,28,133,2012,Bahamas,BHS
211843,55,29,128,2012,St. Kitts and Nevis,
211323,51,30,127,2012,Mexico,MEX
21255,58,31,126,2012,Antigua and Barbuda,
212093,54,32,125,2012,Uruguay,URY
212133,56,33,124,2012,Vatican City,
212143,64,34,123,2012,Venezuela,VEN
211723,53,35,122,2012,Seychelles,
211313,60,36,120,2012,Mauritius,
211933,59,36,120,2012,Taiwan,TWN
21625,44,37,119,2012,Croatia,HRV
211573,63,37,119,2012,Paraguay,PRY
21605,57,38,117,2012,Costa Rica,CRI
211553,65,39,113,2012,Panama,PAN
21725,73,40,111,2012,El Salvador,SLV
21925,70,41,110,2012,Honduras,HND
21875,72,42,109,2012,Guatemala,GTM
211213,68,43,107,2012,Macao (SAR China),
211463,79,44,105,2012,Nicaragua,NIC
211713,75,45,99,2012,Serbia,SRB
212003,61,46,98,2012,Trinidad and Tobago,TTO
211223,82,47,,2012,North Macedonia,MKD
212023,91,48,95,2012,Turkey,TUR
211373,88,49,94,2012,Montenegro,MNE
211643,89,49,94,2012,Russian Federation,RUS
211793,96,50,93,2012,South Africa,ZAF
211853,66,50,93,2012,St. Lucia,
211863,67,51,92,2012,St. Vincent and the Grenadines,
21415,93,52,87,2012,Bosnia and Herzegovina,BIH
21865,69,52,87,2012,Grenada,
21375,97,53,86,2012,Belize,BLZ
21685,71,54,85,2012,Dominica,
21215,94,55,84,2012,Albania,ALB
211773,76,56,81,2012,Solomon Islands,SLB
211663,77,57,79,2012,Samoa,
211263,103,58,78,2012,Maldives,
21775,100,59,77,2012,Fiji,FJI
211035,105,59,77,2012,Jamaica,JAM
212043,85,59,77,2012,Tuvalu,
212123,78,59,77,2012,Vanuatu,VUT
21905,101,60,76,2012,Guyana,GUY
211583,74,60,76,2012,Peru,PER
212073,80,60,76,2012,Ukraine,UKR
211085,86,61,75,2012,Kiribati,
211423,104,61,75,2012,Nauru,
211993,84,61,75,2012,Tonga,
211103,102,62,72,2012,Kuwait,KWT
211293,83,62,72,2012,Marshall Islands,
211563,106,62,72,2012,Papua New Guinea,PNG
21815,121,63,71,2012,Gambia,GMB
21425,108,64,70,2012,Botswana,BWA
21705,98,64,70,2012,Ecuador,ECU
211883,111,64,70,2012,Suriname,SUR
212083,62,64,70,2012,United Arab Emirates,ARE
21405,107,65,69,2012,Bolivia,BOL
211333,90,66,67,2012,Micronesia,
211075,118,67,68,2012,Kenya,KEN
211153,119,67,67,2012,Lesotho,LSO
211413,112,67,67,2012,Namibia,NAM
211533,92,67,,2012,Palau Islands,
211623,109,67,67,2012,Qatar,QAT
21325,110,68,66,2012,Bahrain,
211243,122,68,66,2012,Malawi,MWI
211343,87,68,,2012,Moldova,MDA
211893,117,68,66,2012,Eswatini (Swaziland),SWZ
211953,123,68,66,2012,Tanzania,TZA
212173,125,68,66,2012,Zambia,ZMB
211963,113,69,64,2012,Thailand,THA
211733,133,70,63,2012,Sierra Leone,SLE
21845,134,71,62,2012,Ghana,GHA
212013,124,71,62,2012,Tunisia,TUN
212053,130,71,62,2012,Uganda,UGA
211065,114,72,61,2012,Kazakhstan,KAZ
211513,115,72,61,2012,Oman,OMN
21825,95,73,60,2012,Georgia,GEO
21355,116,74,59,2012,Belarus,BLR
21565,81,74,59,2012,Colombia,COL
211593,129,74,59,2012,Philippines,PHL
211693,120,74,59,2012,Saudi Arabia,SAU
212183,135,75,58,2012,Zimbabwe,ZWE
21305,126,76,57,2012,Azerbaijan,AZE
21515,127,76,,2012,Cape Verde Islands,
21635,131,77,56,2012,Cuba,CUB
211113,140,77,56,2012,Kyrgyzstan,KGZ
21385,136,78,55,2012,Benin,BEN
21465,142,79,54,2012,Burkina Faso,BFA
21615,146,79,54,2012,Cote d'Ivoire (Ivory Coast),CIV
211273,150,79,54,2012,Mali,MLI
211303,143,79,54,2012,Mauritania,MRT
211703,145,79,54,2012,Senegal,SEN
211983,148,80,53,2012,Togo,TGO
21275,139,81,52,2012,Armenia,ARM
21975,128,81,52,2012,Indonesia,IDN
211473,151,81,52,2012,Niger,NER
21965,163,82,51,2012,India,IND
211383,138,82,51,2012,Morocco,MAR
212113,153,82,51,2012,Uzbekistan,UZB
21695,132,83,50,2012,Dominican Republic,DOM
21885,149,83,50,2012,Guinea,GIN
21895,160,83,50,2012,Guinea-Bissau,GNB
211943,152,83,50,2012,Tajikistan,TJK
211363,147,84,49,2012,Mongolia,MNG
211393,144,84,49,2012,Mozambique,MOZ
211683,141,85,48,2012,Sao Tome and Principe,
21525,165,86,47,2012,Central African Republic,CAF
211233,157,86,47,2012,Madagascar,MDG
21395,158,87,46,2012,Bhutan,BTN
211163,171,87,46,2012,Liberia,LBR
211483,173,87,46,2012,Nigeria,NGA
212033,162,87,46,2012,Turkmenistan,TKM
21225,166,88,45,2012,Algeria,DZA
21805,156,88,45,2012,Gabon,GAB
21715,168,89,44,2012,Egypt,EGY
211123,170,89,44,2012,Laos,LAO
211973,99,89,,2012,Timor-Leste,
212153,172,89,44,2012,Vietnam,VNM
21535,155,90,43,2012,Chad,TCD
21915,154,90,43,2012,Haiti,HTI
211055,177,90,43,2012,Jordan,JOR
211653,161,90,43,2012,Rwanda,RWA
21485,164,91,42,2012,Cambodia,KHM
21595,176,91,42,2012,Congo (Rep.),COG
21555,137,92,41,2012,China,CHN
21575,159,92,,2012,Comores Islands,
212163,194,92,41,2012,Yemen,YEM
21335,186,93,40,2012,Bangladesh,BGD
21475,174,93,40,2012,Burundi,BDI
21735,169,93,40,2012,Equatorial Guinea,GNQ
21495,175,94,39,2012,Cameroon,CMR
211173,191,94,39,2012,Libya,LBY
211493,184,94,39,2012,North Korea,PRK
21585,179,95,38,2012,Congo (Dem. Rep.),COD
211813,185,95,38,2012,South Sudan,SDS
21245,167,96,37,2012,Angola,AGO
21675,178,96,37,2012,Djibouti,DJI
21765,183,96,37,2012,Ethiopia,ETH
21985,187,96,37,2012,Iran,IRN
211095,188,96,37,2012,Kosovo,KOS
211403,180,96,37,2012,Myanmar,MMR
211833,181,96,37,2012,Sri Lanka,LKA
211923,197,96,37,2012,Syria,SYR
211873,182,97,36,2012,Sudan,SDN
211143,189,98,35,2012,Lebanon,LBN
211433,192,98,35,2012,Nepal,NPL
21745,190,99,34,2012,Eritrea,ERI
211523,196,100,32,2012,Pakistan,PAK
211543,193,100,32,2012,Palestinian Territory,PSX
21995,198,101,30,2012,Iraq,IRQ
211783,195,102,28,2012,Somalia,SOM
21205,199,103,26,2012,Afghanistan,AFG
21784,3,1,173,2013,Finland,FIN
211902,9,1,173,2013,Sweden,SWE
212062,10,1,173,2013,United Kingdom,GBR
21664,2,2,172,2013,Denmark,DNK
21834,1,2,172,2013,Germany,DEU
211202,13,2,172,2013,Luxembourg,LUX
212102,20,2,172,2013,United States,USA
21364,12,3,171,2013,Belgium,BEL
211024,5,3,171,2013,Italy,ITA
211442,14,3,171,2013,Netherlands,NLD
21504,21,4,170,2013,Canada,CAN
21794,4,4,170,2013,France,FRA
211004,17,4,170,2013,Ireland,IRL
211044,6,4,170,2013,Japan,JPN
211502,7,4,170,2013,Norway,NOR
211612,19,4,170,2013,Portugal,PRT
211822,15,4,170,2013,Spain,ESP
21294,11,5,168,2013,Austria,AUT
211452,24,5,168,2013,New Zealand,NZL
211912,16,5,168,2013,Switzerland,CHE
21284,22,6,167,2013,Australia,AUS
21854,23,6,167,2013,Greece,GRC
211742,8,6,167,2013,Singapore,
211802,18,7,166,2013,South Korea,KOR
21954,26,8,165,2013,Iceland,ISL
211252,34,9,163,2013,Malaysia,MYS
211282,27,9,163,2013,Malta,
211182,29,10,159,2013,Liechtenstein,
21944,28,11,157,2013,Hungary,HUN
21654,25,12,155,2013,Czech Republic,CZE
211752,30,12,155,2013,Slovakia,SVK
211762,31,12,155,2013,Slovenia,SVN
211602,36,13,153,2013,Poland,POL
21754,35,14,152,2013,Estonia,EST
21934,45,14,152,2013,Hong Kong,
211132,32,14,152,2013,Latvia,LVA
21644,39,15,151,2013,Cyprus,CYP
211192,33,15,151,2013,Lithuania,LTU
211672,43,16,149,2013,San Marino,
211352,37,17,148,2013,Monaco,
21234,42,18,147,2013,Andorra,
21264,40,18,147,2013,Argentina,ARG
21434,41,19,146,2013,Brazil,BRA
21444,48,19,146,2013,Brunei,BRN
211014,49,20,144,2013,Israel,ISR
21454,46,21,141,2013,Bulgaria,BGR
21544,38,21,141,2013,Chile,CHL
211632,47,21,141,2013,Romania,ROU
21314,52,22,137,2013,Bahamas,BHS
21344,50,22,137,2013,Barbados,
211322,51,23,132,2013,Mexico,MEX
212092,54,23,132,2013,Uruguay,URY
211842,55,24,131,2013,St. Kitts and Nevis,
21254,58,25,130,2013,Antigua and Barbuda,
211932,59,25,130,2013,Taiwan,TWN
212132,56,25,130,2013,Vatican City,
21624,44,26,129,2013,Croatia,HRV
212142,64,27,128,2013,Venezuela,VEN
211722,53,28,126,2013,Seychelles,
211572,63,29,124,2013,Paraguay,PRY
211312,60,30,123,2013,Mauritius,
21604,57,31,122,2013,Costa Rica,CRI
211552,65,32,121,2013,Panama,PAN
211212,68,33,118,2013,Macao (SAR China),
21874,72,34,114,2013,Guatemala,GTM
21924,70,34,114,2013,Honduras,HND
21724,73,35,113,2013,El Salvador,SLV
211462,79,36,109,2013,Nicaragua,NIC
211712,75,37,104,2013,Serbia,SRB
211222,82,38,,2013,North Macedonia,MKD
212002,61,39,100,2013,Trinidad and Tobago,TTO
211372,88,40,98,2013,Montenegro,MNE
211642,89,41,95,2013,Russian Federation,RUS
211792,96,42,94,2013,South Africa,ZAF
211852,66,42,94,2013,St. Lucia,
212022,91,42,94,2013,Turkey,TUR
211862,67,43,92,2013,St. Vincent and the Grenadines,
21414,93,44,91,2013,Bosnia and Herzegovina,BIH
21214,94,45,88,2013,Albania,ALB
21864,69,45,88,2013,Grenada,
21374,97,46,87,2013,Belize,BLZ
21684,71,46,87,2013,Dominica,
211772,76,47,84,2013,Solomon Islands,SLB
211662,77,48,81,2013,Samoa,
212042,85,48,81,2013,Tuvalu,
211262,103,49,80,2013,Maldives,
211582,74,49,80,2013,Peru,PER
211992,84,49,80,2013,Tonga,
212122,78,50,79,2013,Vanuatu,VUT
21774,100,51,78,2013,Fiji,FJI
21904,101,51,78,2013,Guyana,GUY
211084,86,51,78,2013,Kiribati,
211422,104,51,78,2013,Nauru,
211034,105,52,77,2013,Jamaica,JAM
211102,102,52,77,2013,Kuwait,KWT
211292,83,52,77,2013,Marshall Islands,
212072,80,52,77,2013,Ukraine,UKR
211562,106,53,75,2013,Papua New Guinea,PNG
21704,98,54,74,2013,Ecuador,ECU
21404,107,55,73,2013,Bolivia,BOL
211332,90,55,73,2013,Micronesia,
211532,92,56,,2013,Palau Islands,
211882,111,56,72,2013,Suriname,SUR
212082,62,56,72,2013,United Arab Emirates,ARE
211622,109,57,71,2013,Qatar,QAT
21424,108,58,70,2013,Botswana,BWA
21324,110,59,69,2013,Bahrain,
21814,121,60,68,2013,Gambia,GMB
211074,118,60,68,2013,Kenya,KEN
211152,119,60,68,2013,Lesotho,LSO
211412,112,60,68,2013,Namibia,NAM
211962,113,60,68,2013,Thailand,THA
211242,122,61,67,2013,Malawi,MWI
211892,117,62,66,2013,Eswatini (Swaziland),SWZ
212172,125,62,66,2013,Zambia,ZMB
211952,123,63,65,2013,Tanzania,TZA
211692,120,64,64,2013,Saudi Arabia,SAU
21564,81,65,63,2013,Colombia,COL
211512,115,65,63,2013,Oman,OMN
211732,133,65,63,2013,Sierra Leone,SLE
212012,124,65,63,2013,Tunisia,TUN
212052,130,65,63,2013,Uganda,UGA
21354,116,66,61,2013,Belarus,BLR
21634,131,66,61,2013,Cuba,CUB
21844,134,66,61,2013,Ghana,GHA
211064,114,66,61,2013,Kazakhstan,KAZ
21824,95,67,60,2013,Georgia,GEO
212182,135,67,60,2013,Zimbabwe,ZWE
211342,87,68,59,2013,Moldova,MDA
211592,129,69,58,2013,Philippines,PHL
21514,127,70,,2013,Cape Verde Islands,
21304,126,71,56,2013,Azerbaijan,AZE
211112,140,71,56,2013,Kyrgyzstan,KGZ
21274,139,72,55,2013,Armenia,ARM
21384,136,72,55,2013,Benin,BEN
21614,146,72,55,2013,Cote d'Ivoire (Ivory Coast),CIV
211302,143,72,55,2013,Mauritania,MRT
211702,145,72,55,2013,Senegal,SEN
21464,142,73,53,2013,Burkina Faso,BFA
21884,149,73,53,2013,Guinea,GIN
21974,128,73,53,2013,Indonesia,IDN
211272,150,73,53,2013,Mali,MLI
211472,151,73,53,2013,Niger,NER
211982,148,73,53,2013,Togo,TGO
21694,132,74,53,2013,Dominican Republic,DOM
21964,163,74,52,2013,India,IND
212112,153,74,52,2013,Uzbekistan,UZB
211362,147,75,51,2013,Mongolia,MNG
211382,138,75,51,2013,Morocco,MAR
211682,141,76,50,2013,Sao Tome and Principe,
211942,152,76,50,2013,Tajikistan,TJK
21394,158,77,49,2013,Bhutan,BTN
21524,165,77,49,2013,Central African Republic,CAF
211232,157,77,49,2013,Madagascar,MDG
211392,144,77,49,2013,Mozambique,MOZ
21894,160,78,48,2013,Guinea-Bissau,GNB
211482,173,78,48,2013,Nigeria,NGA
211972,99,78,,2013,Timor-Leste,
21224,166,79,47,2013,Algeria,DZA
21484,164,79,47,2013,Cambodia,KHM
21714,168,79,47,2013,Egypt,EGY
21804,156,79,47,2013,Gabon,GAB
21534,155,80,46,2013,Chad,TCD
21914,154,80,46,2013,Haiti,HTI
211122,170,80,46,2013,Laos,LAO
211162,171,80,46,2013,Liberia,LBR
212032,162,80,46,2013,Turkmenistan,TKM
212152,172,81,45,2013,Vietnam,VNM
21494,175,82,44,2013,Cameroon,CMR
21554,137,82,44,2013,China,CHN
21594,176,82,44,2013,Congo (Rep.),COG
211054,177,82,44,2013,Jordan,JOR
211652,161,82,44,2013,Rwanda,RWA
21574,159,83,,2013,Comores Islands,
212162,194,83,43,2013,Yemen,YEM
21734,169,84,42,2013,Equatorial Guinea,GNQ
21334,186,85,41,2013,Bangladesh,BGD
21474,174,85,41,2013,Burundi,BDI
21764,183,85,41,2013,Ethiopia,ETH
211492,184,85,41,2013,North Korea,PRK
21244,167,86,40,2013,Angola,AGO
21674,178,86,40,2013,Djibouti,DJI
21984,187,86,40,2013,Iran,IRN
211402,180,86,40,2013,Myanmar,MMR
21584,179,87,39,2013,Congo (Dem. Rep.),COD
211172,191,87,39,2013,Libya,LBY
211812,185,87,39,2013,South Sudan,SDS
211922,197,87,39,2013,Syria,SYR
211094,188,88,38,2013,Kosovo,KOS
211142,189,88,38,2013,Lebanon,LBN
211832,181,88,38,2013,Sri Lanka,LKA
211872,182,88,38,2013,Sudan,SDN
211432,192,89,37,2013,Nepal,NPL
21744,190,90,36,2013,Eritrea,ERI
211542,193,90,36,2013,Palestinian Territory,PSX
211522,196,91,32,2013,Pakistan,PAK
211782,195,91,32,2013,Somalia,SOM
21994,198,92,31,2013,Iraq,IRQ
21204,199,93,28,2013,Afghanistan,AFG
21783,3,1,174,2014,Finland,FIN
21833,1,1,174,2014,Germany,DEU
211901,9,1,174,2014,Sweden,SWE
212061,10,1,174,2014,United Kingdom,GBR
212101,20,1,174,2014,United States,USA
21503,21,2,173,2014,Canada,CAN
21663,2,2,173,2014,Denmark,DNK
21363,12,3,172,2014,Belgium,BEL
21793,4,3,172,2014,France,FRA
211023,5,3,172,2014,Italy,ITA
211043,6,3,172,2014,Japan,JPN
211201,13,3,172,2014,Luxembourg,LUX
211441,14,3,172,2014,Netherlands,NLD
211611,19,3,172,2014,Portugal,PRT
211801,18,3,172,2014,South Korea,KOR
211821,15,3,172,2014,Spain,ESP
21293,11,4,171,2014,Austria,AUT
211003,17,4,171,2014,Ireland,IRL
211501,7,4,171,2014,Norway,NOR
211451,24,5,170,2014,New Zealand,NZL
211741,8,5,170,2014,Singapore,
211911,16,5,170,2014,Switzerland,CHE
21853,23,6,169,2014,Greece,GRC
21283,22,7,168,2014,Australia,AUS
211251,34,8,166,2014,Malaysia,MYS
211281,27,8,166,2014,Malta,
21953,26,9,165,2014,Iceland,ISL
21653,25,10,162,2014,Czech Republic,CZE
21943,28,10,162,2014,Hungary,HUN
211181,29,11,161,2014,Liechtenstein,
211751,30,11,161,2014,Slovakia,SVK
211761,31,12,160,2014,Slovenia,SVN
211131,32,13,158,2014,Latvia,LVA
21643,39,14,157,2014,Cyprus,CYP
21753,35,14,157,2014,Estonia,EST
211191,33,14,157,2014,Lithuania,LTU
211601,36,14,157,2014,Poland,POL
21933,45,15,156,2014,Hong Kong,
211671,43,16,151,2014,San Marino,
21263,40,17,150,2014,Argentina,ARG
21443,48,17,150,2014,Brunei,BRN
211351,37,17,150,2014,Monaco,
21453,46,18,149,2014,Bulgaria,BGR
21543,38,18,149,2014,Chile,CHL
21233,42,19,148,2014,Andorra,
211631,47,19,148,2014,Romania,ROU
211013,49,20,147,2014,Israel,ISR
21433,41,21,146,2014,Brazil,BRA
21313,52,22,138,2014,Bahamas,BHS
21343,50,22,138,2014,Barbados,
21623,44,22,138,2014,Croatia,HRV
211321,51,23,133,2014,Mexico,MEX
212091,54,23,133,2014,Uruguay,URY
21253,58,24,132,2014,Antigua and Barbuda,
211841,55,24,132,2014,St. Kitts and Nevis,
211931,59,24,132,2014,Taiwan,TWN
212131,56,25,131,2014,Vatican City,
212141,64,25,131,2014,Venezuela,VEN
211721,53,26,129,2014,Seychelles,
21603,57,27,125,2014,Costa Rica,CRI
211311,60,27,125,2014,Mauritius,
211551,65,28,124,2014,Panama,PAN
211571,63,29,123,2014,Paraguay,PRY
211211,68,30,122,2014,Macao (SAR China),
21923,70,31,116,2014,Honduras,HND
21873,72,32,114,2014,Guatemala,GTM
21723,73,33,112,2014,El Salvador,SLV
211461,79,34,110,2014,Nicaragua,NIC
211711,75,35,107,2014,Serbia,SRB
211221,82,36,,2014,North Macedonia,MKD
212001,61,37,103,2014,Trinidad and Tobago,TTO
211641,89,38,100,2014,Russian Federation,RUS
212021,91,38,100,2014,Turkey,TUR
211371,88,39,99,2014,Montenegro,MNE
211851,66,40,98,2014,St. Lucia,
211791,96,41,97,2014,South Africa,ZAF
21413,93,42,95,2014,Bosnia and Herzegovina,BIH
211861,67,43,94,2014,St. Vincent and the Grenadines,
21373,97,44,93,2014,Belize,BLZ
21213,94,45,91,2014,Albania,ALB
21683,71,45,91,2014,Dominica,
21863,69,45,91,2014,Grenada,
211341,87,46,89,2014,Moldova,MDA
211771,76,47,87,2014,Solomon Islands,SLB
211661,77,48,85,2014,Samoa,
212041,85,48,85,2014,Tuvalu,
211261,103,49,84,2014,Maldives,
211581,74,50,83,2014,Peru,PER
211991,84,50,83,2014,Tonga,
211083,86,51,82,2014,Kiribati,
212121,78,51,82,2014,Vanuatu,VUT
21773,100,52,81,2014,Fiji,FJI
21903,101,52,81,2014,Guyana,GUY
211421,104,52,81,2014,Nauru,
211033,105,53,79,2014,Jamaica,JAM
211291,83,53,79,2014,Marshall Islands,
212071,80,53,79,2014,Ukraine,UKR
21703,98,54,78,2014,Ecuador,ECU
211101,102,54,78,2014,Kuwait,KWT
211561,106,54,78,2014,Papua New Guinea,PNG
212081,62,55,77,2014,United Arab Emirates,ARE
211331,90,56,75,2014,Micronesia,
211621,109,56,75,2014,Qatar,QAT
21403,107,57,74,2014,Bolivia,BOL
211531,92,57,,2014,Palau Islands,
21423,108,58,73,2014,Botswana,BWA
211151,119,59,72,2014,Lesotho,LSO
211881,111,59,72,2014,Suriname,SUR
211073,118,60,71,2014,Kenya,KEN
211411,112,60,71,2014,Namibia,NAM
21813,121,61,70,2014,Gambia,GMB
211891,117,61,70,2014,Eswatini (Swaziland),SWZ
21323,110,62,69,2014,Bahrain,
211241,122,62,69,2014,Malawi,MWI
211961,113,62,69,2014,Thailand,THA
212171,125,63,67,2014,Zambia,ZMB
21563,81,64,66,2014,Colombia,COL
211063,114,64,66,2014,Kazakhstan,KAZ
211511,115,64,66,2014,Oman,OMN
211951,123,64,66,2014,Tanzania,TZA
211691,120,65,65,2014,Saudi Arabia,SAU
211731,133,65,65,2014,Sierra Leone,SLE
212011,124,66,64,2014,Tunisia,TUN
212051,130,66,64,2014,Uganda,UGA
21353,116,67,63,2014,Belarus,BLR
21843,134,67,63,2014,Ghana,GHA
21823,95,68,62,2014,Georgia,GEO
211591,129,68,62,2014,Philippines,PHL
21633,131,69,61,2014,Cuba,CUB
212181,135,69,61,2014,Zimbabwe,ZWE
21303,126,70,58,2014,Azerbaijan,AZE
21383,136,70,58,2014,Benin,BEN
211111,140,70,58,2014,Kyrgyzstan,KGZ
21513,127,71,,2014,Cape Verde Islands,
211701,145,71,57,2014,Senegal,SEN
21613,146,72,56,2014,Cote d'Ivoire (Ivory Coast),CIV
21973,128,72,56,2014,Indonesia,IDN
21273,139,73,55,2014,Armenia,ARM
21463,142,73,55,2014,Burkina Faso,BFA
211301,143,73,55,2014,Mauritania,MRT
211381,138,73,55,2014,Morocco,MAR
21883,149,74,54,2014,Guinea,GIN
211271,150,74,54,2014,Mali,MLI
211471,151,74,54,2014,Niger,NER
211681,141,74,54,2014,Sao Tome and Principe,
211981,148,74,54,2014,Togo,TGO
212111,153,74,54,2014,Uzbekistan,UZB
21693,132,75,53,2014,Dominican Republic,DOM
211941,152,75,53,2014,Tajikistan,TJK
21963,163,76,52,2014,India,IND
21393,158,77,51,2014,Bhutan,BTN
211361,147,77,51,2014,Mongolia,MNG
211391,144,77,51,2014,Mozambique,MOZ
211971,99,77,,2014,Timor-Leste,
21483,164,78,50,2014,Cambodia,KHM
21893,160,79,49,2014,Guinea-Bissau,GNB
21913,154,79,49,2014,Haiti,HTI
211231,157,79,49,2014,Madagascar,MDG
211481,173,79,49,2014,Nigeria,NGA
212031,162,79,49,2014,Turkmenistan,TKM
21523,165,80,48,2014,Central African Republic,CAF
21713,168,80,48,2014,Egypt,EGY
211121,170,80,48,2014,Laos,LAO
211161,171,80,48,2014,Liberia,LBR
21533,155,81,47,2014,Chad,TCD
21803,156,81,47,2014,Gabon,GAB
212151,172,81,47,2014,Vietnam,VNM
21223,166,82,46,2014,Algeria,DZA
21493,175,82,46,2014,Cameroon,CMR
211651,161,82,46,2014,Rwanda,RWA
21553,137,83,45,2014,China,CHN
21573,159,83,,2014,Comores Islands,
211053,177,83,45,2014,Jordan,JOR
21593,176,84,44,2014,Congo (Rep.),COG
21733,169,85,43,2014,Equatorial Guinea,GNQ
212161,194,85,43,2014,Yemen,YEM
21243,167,86,42,2014,Angola,AGO
21333,186,86,42,2014,Bangladesh,BGD
21473,174,86,42,2014,Burundi,BDI
21673,178,86,42,2014,Djibouti,DJI
211401,180,86,42,2014,Myanmar,MMR
211491,184,86,42,2014,North Korea,PRK
21583,179,87,40,2014,Congo (Dem. Rep.),COD
21983,187,87,40,2014,Iran,IRN
211093,188,87,40,2014,Kosovo,KOS
21763,183,88,39,2014,Ethiopia,ETH
211141,189,88,39,2014,Lebanon,LBN
211811,185,88,39,2014,South Sudan,SDS
211831,181,88,39,2014,Sri Lanka,LKA
21743,190,89,38,2014,Eritrea,ERI
211171,191,89,38,2014,Libya,LBY
211871,182,89,38,2014,Sudan,SDN
211921,197,89,38,2014,Syria,SYR
211431,192,90,37,2014,Nepal,NPL
211541,193,91,35,2014,Palestinian Territory,PSX
211521,196,92,32,2014,Pakistan,PAK
211781,195,92,32,2014,Somalia,SOM
21993,198,93,31,2014,Iraq,IRQ
21203,199,94,28,2014,Afghanistan,AFG
21832,1,1,173,2015,Germany,DEU
212060,10,1,173,2015,United Kingdom,GBR
21782,3,2,172,2015,Finland,FIN
211900,9,2,172,2015,Sweden,SWE
212100,20,2,172,2015,United States,USA
21662,2,3,171,2015,Denmark,DNK
21792,4,3,171,2015,France,FRA
211022,5,3,171,2015,Italy,ITA
211042,6,3,171,2015,Japan,JPN
211200,13,3,171,2015,Luxembourg,LUX
211440,14,3,171,2015,Netherlands,NLD
211500,7,3,171,2015,Norway,NOR
211800,18,3,171,2015,South Korea,KOR
21362,12,4,170,2015,Belgium,BEL
21502,21,4,170,2015,Canada,CAN
211450,24,4,170,2015,New Zealand,NZL
211610,19,4,170,2015,Portugal,PRT
211820,15,4,170,2015,Spain,ESP
21292,11,5,169,2015,Austria,AUT
211002,17,5,169,2015,Ireland,IRL
211740,8,5,169,2015,Singapore,
211910,16,5,169,2015,Switzerland,CHE
21282,22,6,168,2015,Australia,AUS
21852,23,7,167,2015,Greece,GRC
211280,27,8,166,2015,Malta,
21952,26,9,164,2015,Iceland,ISL
21652,25,10,163,2015,Czech Republic,CZE
211250,34,10,163,2015,Malaysia,MYS
21942,28,11,162,2015,Hungary,HUN
211180,29,12,161,2015,Liechtenstein,
211750,30,12,161,2015,Slovakia,SVK
211760,31,13,160,2015,Slovenia,SVN
211130,32,14,159,2015,Latvia,LVA
21752,35,15,158,2015,Estonia,EST
211190,33,15,158,2015,Lithuania,LTU
21642,39,16,157,2015,Cyprus,CYP
211600,36,16,157,2015,Poland,POL
211670,43,17,153,2015,San Marino,
21932,45,18,152,2015,Hong Kong,
211350,37,19,151,2015,Monaco,
21262,40,20,150,2015,Argentina,ARG
21442,48,20,150,2015,Brunei,BRN
21542,38,20,150,2015,Chile,CHL
21232,42,21,149,2015,Andorra,
21452,46,21,149,2015,Bulgaria,BGR
21432,41,22,148,2015,Brazil,BRA
211630,47,22,148,2015,Romania,ROU
211012,49,23,145,2015,Israel,ISR
21622,44,24,141,2015,Croatia,HRV
21312,52,25,139,2015,Bahamas,BHS
21342,50,26,138,2015,Barbados,
212090,54,27,134,2015,Uruguay,URY
21252,58,28,133,2015,Antigua and Barbuda,
211320,51,28,133,2015,Mexico,MEX
211840,55,29,131,2015,St. Kitts and Nevis,
211720,53,30,129,2015,Seychelles,
211930,59,30,129,2015,Taiwan,TWN
212140,64,30,129,2015,Venezuela,VEN
212130,56,31,128,2015,Vatican City,
21602,57,32,127,2015,Costa Rica,CRI
212000,61,33,126,2015,Trinidad and Tobago,TTO
211550,65,34,125,2015,Panama,PAN
211310,60,35,124,2015,Mauritius,
211570,63,36,123,2015,Paraguay,PRY
211850,66,37,121,2015,St. Lucia,
211210,68,38,120,2015,Macao (SAR China),
211860,67,39,119,2015,St. Vincent and the Grenadines,
21862,69,40,117,2015,Grenada,
21922,70,41,116,2015,Honduras,HND
21682,71,42,113,2015,Dominica,
21872,72,42,113,2015,Guatemala,GTM
212080,62,42,113,2015,United Arab Emirates,ARE
21722,73,43,112,2015,El Salvador,SLV
211710,75,44,110,2015,Serbia,SRB
211660,77,45,109,2015,Samoa,
211220,82,46,,2015,North Macedonia,MKD
211460,79,46,108,2015,Nicaragua,NIC
212120,78,48,106,2015,Vanuatu,VUT
211370,88,49,104,2015,Montenegro,MNE
211640,89,50,102,2015,Russian Federation,RUS
212020,91,50,102,2015,Turkey,TUR
21412,93,52,98,2015,Bosnia and Herzegovina,BIH
211340,87,53,95,2015,Moldova,MDA
211790,96,53,95,2015,South Africa,ZAF
21212,94,54,94,2015,Albania,ALB
21372,97,56,91,2015,Belize,BLZ
211770,76,58,85,2015,Solomon Islands,SLB
212040,85,59,83,2015,Tuvalu,
211580,74,60,82,2015,Peru,PER
211260,103,61,81,2015,Maldives,
21772,100,62,80,2015,Fiji,FJI
21902,101,62,80,2015,Guyana,GUY
211082,86,62,80,2015,Kiribati,
211990,84,62,80,2015,Tonga,
211420,104,63,79,2015,Nauru,
212070,80,63,79,2015,Ukraine,UKR
21702,98,64,78,2015,Ecuador,ECU
211100,102,64,78,2015,Kuwait,KWT
211290,83,65,77,2015,Marshall Islands,
211032,105,66,76,2015,Jamaica,JAM
211560,106,66,76,2015,Papua New Guinea,PNG
211620,109,67,74,2015,Qatar,QAT
211330,90,68,73,2015,Micronesia,
211530,92,68,,2015,Palau Islands,
21422,108,69,72,2015,Botswana,BWA
21402,107,70,71,2015,Bolivia,BOL
21322,110,71,70,2015,Bahrain,
211072,118,71,70,2015,Kenya,KEN
211410,112,71,70,2015,Namibia,NAM
211880,111,71,70,2015,Suriname,SUR
211150,119,72,69,2015,Lesotho,LSO
211510,115,73,68,2015,Oman,OMN
211960,113,73,68,2015,Thailand,THA
211890,117,74,67,2015,Eswatini (Swaziland),SWZ
21562,81,75,66,2015,Colombia,COL
21812,121,75,66,2015,Gambia,GMB
211240,122,75,66,2015,Malawi,MWI
211690,120,75,66,2015,Saudi Arabia,SAU
211062,114,76,65,2015,Kazakhstan,KAZ
211950,123,76,65,2015,Tanzania,TZA
212170,125,76,65,2015,Zambia,ZMB
212010,124,77,63,2015,Tunisia,TUN
21352,116,78,62,2015,Belarus,BLR
21822,95,79,61,2015,Georgia,GEO
21842,134,79,61,2015,Ghana,GHA
212050,130,79,61,2015,Uganda,UGA
211590,129,80,60,2015,Philippines,PHL
21632,131,81,59,2015,Cuba,CUB
21302,126,82,58,2015,Azerbaijan,AZE
21512,127,82,,2015,Cape Verde Islands,
212180,135,82,58,2015,Zimbabwe,ZWE
21382,136,83,56,2015,Benin,BEN
211110,140,83,56,2015,Kyrgyzstan,KGZ
211380,138,83,56,2015,Morocco,MAR
21972,128,84,55,2015,Indonesia,IDN
21612,146,85,54,2015,Cote d'Ivoire (Ivory Coast),CIV
211300,143,86,53,2015,Mauritania,MRT
211700,145,86,53,2015,Senegal,SEN
21272,139,87,52,2015,Armenia,ARM
21462,142,87,52,2015,Burkina Faso,BFA
211360,147,87,52,2015,Mongolia,MNG
212110,153,87,52,2015,Uzbekistan,UZB
21692,132,88,51,2015,Dominican Republic,DOM
21962,163,88,51,2015,India,IND
211470,151,88,51,2015,Niger,NER
211940,152,88,51,2015,Tajikistan,TJK
211980,148,88,51,2015,Togo,TGO
211270,150,89,50,2015,Mali,MLI
211680,141,89,50,2015,Sao Tome and Principe,
211970,99,89,,2015,Timor-Leste,
211390,144,90,49,2015,Mozambique,MOZ
211730,133,90,49,2015,Sierra Leone,SLE
21392,158,91,48,2015,Bhutan,BTN
21482,164,92,47,2015,Cambodia,KHM
21532,155,92,47,2015,Chad,TCD
21712,168,92,47,2015,Egypt,EGY
21802,156,92,47,2015,Gabon,GAB
211650,161,92,47,2015,Rwanda,RWA
212030,162,92,47,2015,Turkmenistan,TKM
21892,160,93,46,2015,Guinea-Bissau,GNB
211230,157,93,46,2015,Madagascar,MDG
21222,166,94,45,2015,Algeria,DZA
21552,137,94,45,2015,China,CHN
21572,159,94,,2015,Comores Islands,
21912,154,94,45,2015,Haiti,HTI
211120,170,94,45,2015,Laos,LAO
212150,172,94,45,2015,Vietnam,VNM
21492,175,95,44,2015,Cameroon,CMR
21522,165,95,44,2015,Central African Republic,CAF
211052,177,95,44,2015,Jordan,JOR
211480,173,95,44,2015,Nigeria,NGA
21882,149,96,43,2015,Guinea,GIN
21732,169,97,42,2015,Equatorial Guinea,GNQ
21472,174,98,41,2015,Burundi,BDI
21592,176,98,41,2015,Congo (Rep.),COG
21672,178,98,41,2015,Djibouti,DJI
21242,167,99,40,2015,Angola,AGO
21332,186,99,40,2015,Bangladesh,BGD
211400,180,99,40,2015,Myanmar,MMR
211490,184,100,39,2015,North Korea,PRK
212160,194,100,39,2015,Yemen,YEM
211830,181,101,38,2015,Sri Lanka,LKA
21582,179,102,37,2015,Congo (Dem. Rep.),COD
21982,187,102,37,2015,Iran,IRN
211140,189,102,37,2015,Lebanon,LBN
211160,171,102,37,2015,Liberia,LBR
211170,191,102,37,2015,Libya,LBY
211092,188,103,36,2015,Kosovo,KOS
21762,183,104,35,2015,Ethiopia,ETH
211810,185,104,35,2015,South Sudan,SDS
211870,182,104,35,2015,Sudan,SDN
21742,190,105,34,2015,Eritrea,ERI
211430,192,105,34,2015,Nepal,NPL
211540,193,105,34,2015,Palestinian Territory,PSX
211920,197,106,33,2015,Syria,SYR
211520,196,107,31,2015,Pakistan,PAK
211780,195,108,30,2015,Somalia,SOM
21992,198,109,29,2015,Iraq,IRQ
21202,199,110,25,2015,Afghanistan,AFG
21831,1,1,177,2016,Germany,DEU
211899,9,2,176,2016,Sweden,SWE
21781,3,3,175,2016,Finland,FIN
21791,4,3,175,2016,France,FRA
211021,5,3,175,2016,Italy,ITA
211819,15,3,175,2016,Spain,ESP
212059,10,3,175,2016,United Kingdom,GBR
21361,12,4,174,2016,Belgium,BEL
21661,2,4,174,2016,Denmark,DNK
211439,14,4,174,2016,Netherlands,NLD
212099,20,4,174,2016,United States,USA
21291,11,5,173,2016,Austria,AUT
211041,6,5,173,2016,Japan,JPN
211739,8,5,173,2016,Singapore,
21501,21,6,172,2016,Canada,CAN
211001,17,6,172,2016,Ireland,IRL
211199,13,6,172,2016,Luxembourg,LUX
211499,7,6,172,2016,Norway,NOR
211609,19,6,172,2016,Portugal,PRT
211799,18,6,172,2016,South Korea,KOR
211909,16,6,172,2016,Switzerland,CHE
21851,23,7,171,2016,Greece,GRC
211449,24,7,171,2016,New Zealand,NZL
21281,22,8,169,2016,Australia,AUS
211279,27,9,168,2016,Malta,
21651,25,10,167,2016,Czech Republic,CZE
21941,28,10,167,2016,Hungary,HUN
21951,26,10,167,2016,Iceland,ISL
211749,30,11,165,2016,Slovakia,SVK
211179,29,12,164,2016,Liechtenstein,
211249,34,12,164,2016,Malaysia,MYS
211759,31,12,164,2016,Slovenia,SVN
211129,32,13,163,2016,Latvia,LVA
21751,35,14,162,2016,Estonia,EST
211189,33,14,162,2016,Lithuania,LTU
211599,36,15,161,2016,Poland,POL
211349,37,16,160,2016,Monaco,
21641,39,17,159,2016,Cyprus,CYP
211669,43,18,156,2016,San Marino,
21541,38,19,155,2016,Chile,CHL
21931,45,20,154,2016,Hong Kong,
21431,41,21,153,2016,Brazil,BRA
21451,46,21,153,2016,Bulgaria,BGR
211629,47,21,153,2016,Romania,ROU
21231,42,22,152,2016,Andorra,
21261,40,22,152,2016,Argentina,ARG
21441,48,23,151,2016,Brunei,BRN
21621,44,24,149,2016,Croatia,HRV
211011,49,25,147,2016,Israel,ISR
21341,50,26,141,2016,Barbados,
21311,52,27,140,2016,Bahamas,BHS
211319,51,28,139,2016,Mexico,MEX
211929,59,29,137,2016,Taiwan,TWN
212089,54,29,137,2016,Uruguay,URY
21251,58,30,134,2016,Antigua and Barbuda,
212129,56,30,134,2016,Vatican City,
211719,53,31,133,2016,Seychelles,
211839,55,32,132,2016,St. Kitts and Nevis,
212139,64,32,132,2016,Venezuela,VEN
21601,57,33,131,2016,Costa Rica,CRI
211999,61,34,130,2016,Trinidad and Tobago,TTO
211309,60,35,128,2016,Mauritius,
211549,65,36,127,2016,Panama,PAN
211569,63,37,125,2016,Paraguay,PRY
211849,66,37,125,2016,St. Lucia,
211859,67,37,125,2016,St. Vincent and the Grenadines,
212079,62,38,122,2016,United Arab Emirates,ARE
21861,69,39,121,2016,Grenada,
211209,68,40,120,2016,Macao (SAR China),
21681,71,41,119,2016,Dominica,
21921,70,41,119,2016,Honduras,HND
21871,72,42,116,2016,Guatemala,GTM
21721,73,43,115,2016,El Salvador,SLV
211709,75,43,115,2016,Serbia,SRB
211659,77,44,112,2016,Samoa,
211219,82,45,,2016,North Macedonia,MKD
211459,79,46,110,2016,Nicaragua,NIC
211989,84,46,110,2016,Tonga,
212119,78,46,110,2016,Vanuatu,VUT
211369,88,47,107,2016,Montenegro,MNE
211639,89,48,105,2016,Russian Federation,RUS
211529,92,49,,2016,Palau Islands,
21561,81,50,103,2016,Colombia,COL
212019,91,51,102,2016,Turkey,TUR
21411,93,52,101,2016,Bosnia and Herzegovina,BIH
211339,87,52,101,2016,Moldova,MDA
21211,94,53,98,2016,Albania,ALB
211789,96,54,97,2016,South Africa,ZAF
21371,97,55,94,2016,Belize,BLZ
211579,74,56,86,2016,Peru,PER
211769,76,56,86,2016,Solomon Islands,SLB
21901,101,57,82,2016,Guyana,GUY
211099,102,57,82,2016,Kuwait,KWT
211969,99,57,,2016,Timor-Leste,
212039,85,57,82,2016,Tuvalu,
21701,98,58,81,2016,Ecuador,ECU
21771,100,58,81,2016,Fiji,FJI
212069,80,58,81,2016,Ukraine,UKR
211259,103,59,80,2016,Maldives,
211419,104,59,80,2016,Nauru,
211081,86,60,79,2016,Kiribati,
211289,83,60,79,2016,Marshall Islands,
211619,109,60,79,2016,Qatar,QAT
211031,105,61,78,2016,Jamaica,JAM
211559,106,62,77,2016,Papua New Guinea,PNG
211329,90,63,75,2016,Micronesia,
211879,111,64,74,2016,Suriname,SUR
21321,110,65,73,2016,Bahrain,
21401,107,66,72,2016,Bolivia,BOL
21421,108,66,72,2016,Botswana,BWA
211509,115,67,71,2016,Oman,OMN
211959,113,67,71,2016,Thailand,THA
211409,112,68,70,2016,Namibia,NAM
211149,119,69,69,2016,Lesotho,LSO
211689,120,69,69,2016,Saudi Arabia,SAU
211071,118,70,68,2016,Kenya,KEN
21351,116,71,67,2016,Belarus,BLR
21811,121,71,67,2016,Gambia,GMB
21821,95,71,67,2016,Georgia,GEO
211061,114,71,67,2016,Kazakhstan,KAZ
211239,122,71,67,2016,Malawi,MWI
211889,117,71,67,2016,Eswatini (Swaziland),SWZ
211949,123,72,65,2016,Tanzania,TZA
212009,124,72,65,2016,Tunisia,TUN
21841,134,73,64,2016,Ghana,GHA
212169,125,74,63,2016,Zambia,ZMB
21301,126,75,62,2016,Azerbaijan,AZE
21511,127,76,,2016,Cape Verde Islands,
211589,129,76,61,2016,Philippines,PHL
212049,130,77,60,2016,Uganda,UGA
21381,136,78,59,2016,Benin,BEN
21631,131,78,59,2016,Cuba,CUB
211379,138,78,59,2016,Morocco,MAR
212179,135,78,59,2016,Zimbabwe,ZWE
21971,128,79,58,2016,Indonesia,IDN
211109,140,79,58,2016,Kyrgyzstan,KGZ
21271,139,80,57,2016,Armenia,ARM
21461,142,81,56,2016,Burkina Faso,BFA
21611,146,81,56,2016,Cote d'Ivoire (Ivory Coast),CIV
211359,147,81,56,2016,Mongolia,MNG
211299,143,82,55,2016,Mauritania,MRT
211469,151,82,55,2016,Niger,NER
211699,145,82,55,2016,Senegal,SEN
211979,148,82,55,2016,Togo,TGO
21691,132,83,54,2016,Dominican Republic,DOM
211679,141,83,54,2016,Sao Tome and Principe,
211939,152,84,53,2016,Tajikistan,TJK
21961,163,85,52,2016,India,IND
211269,150,85,52,2016,Mali,MLI
212109,153,85,52,2016,Uzbekistan,UZB
21391,158,86,51,2016,Bhutan,BTN
21891,160,86,51,2016,Guinea-Bissau,GNB
211389,144,86,51,2016,Mozambique,MOZ
211729,133,86,51,2016,Sierra Leone,SLE
21481,164,87,50,2016,Cambodia,KHM
21551,137,87,50,2016,China,CHN
21531,155,88,49,2016,Chad,TCD
21711,168,88,49,2016,Egypt,EGY
21801,156,88,49,2016,Gabon,GAB
212029,162,88,49,2016,Turkmenistan,TKM
21221,166,89,48,2016,Algeria,DZA
21521,165,89,48,2016,Central African Republic,CAF
21911,154,89,48,2016,Haiti,HTI
211229,157,89,48,2016,Madagascar,MDG
211649,161,89,48,2016,Rwanda,RWA
21571,159,90,,2016,Comores Islands,
211051,177,90,47,2016,Jordan,JOR
211119,170,90,47,2016,Laos,LAO
212149,172,90,47,2016,Vietnam,VNM
21881,149,91,46,2016,Guinea,GIN
21241,167,92,45,2016,Angola,AGO
21491,175,92,45,2016,Cameroon,CMR
21731,169,92,45,2016,Equatorial Guinea,GNQ
211479,173,92,45,2016,Nigeria,NGA
21591,176,93,44,2016,Congo (Rep.),COG
21671,178,93,44,2016,Djibouti,DJI
211159,171,94,43,2016,Liberia,LBR
21471,174,95,42,2016,Burundi,BDI
211399,180,95,42,2016,Myanmar,MMR
211489,184,95,42,2016,North Korea,PRK
21331,186,96,39,2016,Bangladesh,BGD
21581,179,96,39,2016,Congo (Dem. Rep.),COD
211139,189,96,39,2016,Lebanon,LBN
211829,181,96,39,2016,Sri Lanka,LKA
211091,188,97,38,2016,Kosovo,KOS
211809,185,97,38,2016,South Sudan,SDS
212159,194,97,38,2016,Yemen,YEM
21741,190,98,37,2016,Eritrea,ERI
21761,183,98,37,2016,Ethiopia,ETH
21981,187,98,37,2016,Iran,IRN
211429,192,98,37,2016,Nepal,NPL
211539,193,98,37,2016,Palestinian Territory,PSX
211869,182,98,37,2016,Sudan,SDN
211169,191,99,36,2016,Libya,LBY
211919,197,100,32,2016,Syria,SYR
211779,195,101,31,2016,Somalia,SOM
21991,198,102,30,2016,Iraq,IRQ
211519,196,103,29,2016,Pakistan,PAK
21201,199,104,25,2016,Afghanistan,AFG
21830,1,1,176,2017,Germany,DEU
211898,9,2,175,2017,Sweden,SWE
21660,2,3,174,2017,Denmark,DNK
21780,3,3,174,2017,Finland,FIN
211020,5,3,174,2017,Italy,ITA
211818,15,3,174,2017,Spain,ESP
21290,11,4,173,2017,Austria,AUT
21360,12,4,173,2017,Belgium,BEL
21790,4,4,173,2017,France,FRA
211198,13,4,173,2017,Luxembourg,LUX
211438,14,4,173,2017,Netherlands,NLD
211498,7,4,173,2017,Norway,NOR
211738,8,4,173,2017,Singapore,
212058,10,4,173,2017,United Kingdom,GBR
211000,17,5,172,2017,Ireland,IRL
211040,6,5,172,2017,Japan,JPN
211448,24,5,172,2017,New Zealand,NZL
211908,16,5,171,2017,Switzerland,CHE
212098,20,5,172,2017,United States,USA
21500,21,6,171,2017,Canada,CAN
21850,23,6,171,2017,Greece,GRC
211608,19,6,171,2017,Portugal,PRT
21280,22,7,170,2017,Australia,AUS
211798,18,7,170,2017,South Korea,KOR
21950,26,8,169,2017,Iceland,ISL
21650,25,9,168,2017,Czech Republic,CZE
21940,28,10,167,2017,Hungary,HUN
211278,27,10,167,2017,Malta,
211188,33,11,166,2017,Lithuania,LTU
211128,32,12,165,2017,Latvia,LVA
211178,29,12,165,2017,Liechtenstein,
211748,30,12,165,2017,Slovakia,SVK
211758,31,12,165,2017,Slovenia,SVN
21750,35,13,164,2017,Estonia,EST
211248,34,13,164,2017,Malaysia,MYS
211598,36,14,162,2017,Poland,POL
211348,37,15,160,2017,Monaco,
21640,39,16,158,2017,Cyprus,CYP
21540,38,17,157,2017,Chile,CHL
21430,41,18,156,2017,Brazil,BRA
21230,42,19,155,2017,Andorra,
211668,43,19,155,2017,San Marino,
21260,40,20,154,2017,Argentina,ARG
21450,46,20,154,2017,Bulgaria,BGR
21620,44,21,153,2017,Croatia,HRV
211628,47,21,153,2017,Romania,ROU
21440,48,22,152,2017,Brunei,BRN
21930,45,22,152,2017,Hong Kong,
211010,49,24,148,2017,Israel,ISR
21340,50,25,143,2017,Barbados,
21310,52,26,141,2017,Bahamas,BHS
211318,51,26,142,2017,Mexico,MEX
212088,54,28,138,2017,Uruguay,URY
211718,53,29,137,2017,Seychelles,
21250,58,30,136,2017,Antigua and Barbuda,
211838,55,30,136,2017,St. Kitts and Nevis,
21600,57,31,134,2017,Costa Rica,CRI
211928,59,31,134,2017,Taiwan,TWN
212128,56,31,134,2017,Vatican City,
211998,61,32,132,2017,Trinidad and Tobago,TTO
211308,60,33,131,2017,Mauritius,
212138,64,34,129,2017,Venezuela,VEN
211568,63,35,128,2017,Paraguay,PRY
211208,68,36,127,2017,Macao (SAR China),
211548,65,36,127,2017,Panama,PAN
211848,66,36,127,2017,St. Lucia,
211858,67,36,127,2017,St. Vincent and the Grenadines,
21860,69,37,124,2017,Grenada,
21920,70,38,121,2017,Honduras,HND
212078,62,38,121,2017,United Arab Emirates,ARE
21720,73,39,120,2017,El Salvador,SLV
21680,71,40,119,2017,Dominica,
21870,72,40,119,2017,Guatemala,GTM
211578,74,41,118,2017,Peru,PER
211768,76,42,116,2017,Solomon Islands,SLB
211708,75,43,115,2017,Serbia,SRB
211658,77,44,114,2017,Samoa,
212118,78,45,113,2017,Vanuatu,VUT
211288,83,46,112,2017,Marshall Islands,
211458,79,46,112,2017,Nicaragua,NIC
211988,84,47,111,2017,Tonga,
211218,82,48,,2017,North Macedonia,MKD
212038,85,48,110,2017,Tuvalu,
211080,86,49,109,2017,Kiribati,
21560,81,50,107,2017,Colombia,COL
211368,88,50,107,2017,Montenegro,MNE
211328,90,51,106,2017,Micronesia,
211638,89,51,106,2017,Russian Federation,RUS
211528,92,52,,2017,Palau Islands,
212018,91,52,105,2017,Turkey,TUR
21410,93,53,103,2017,Bosnia and Herzegovina,BIH
211338,87,54,102,2017,Moldova,MDA
21210,94,55,98,2017,Albania,ALB
211788,96,55,98,2017,South Africa,ZAF
21370,97,56,95,2017,Belize,BLZ
21700,98,57,83,2017,Ecuador,ECU
211968,99,57,,2017,Timor-Leste,
212068,80,58,82,2017,Ukraine,UKR
21900,101,59,81,2017,Guyana,GUY
211098,102,60,80,2017,Kuwait,KWT
211258,103,60,80,2017,Maldives,
211418,104,60,80,2017,Nauru,
21770,100,61,79,2017,Fiji,FJI
211030,105,62,78,2017,Jamaica,JAM
211618,109,62,76,2017,Qatar,QAT
211558,106,63,76,2017,Papua New Guinea,PNG
21400,107,64,75,2017,Bolivia,BOL
21420,108,65,74,2017,Botswana,BWA
211878,111,65,74,2017,Suriname,SUR
21320,110,66,73,2017,Bahrain,
211060,114,67,71,2017,Kazakhstan,KAZ
211408,112,67,71,2017,Namibia,NAM
211958,113,67,71,2017,Thailand,THA
21820,95,68,69,2017,Georgia,GEO
211070,118,68,69,2017,Kenya,KEN
211508,115,68,69,2017,Oman,OMN
211688,120,69,68,2017,Saudi Arabia,SAU
21350,116,70,67,2017,Belarus,BLR
211148,119,70,67,2017,Lesotho,LSO
211238,122,70,67,2017,Malawi,MWI
21810,121,71,66,2017,Gambia,GMB
211888,117,71,66,2017,Eswatini (Swaziland),SWZ
211948,123,72,65,2017,Tanzania,TZA
21510,127,73,,2017,Cape Verde Islands,
212008,124,73,63,2017,Tunisia,TUN
212168,125,73,63,2017,Zambia,ZMB
21300,126,74,64,2017,Azerbaijan,AZE
211588,129,75,61,2017,Philippines,PHL
212048,130,75,61,2017,Uganda,UGA
21630,131,76,60,2017,Cuba,CUB
21840,134,77,59,2017,Ghana,GHA
212178,135,77,59,2017,Zimbabwe,ZWE
21270,139,78,58,2017,Armenia,ARM
21380,136,78,58,2017,Benin,BEN
211108,140,78,58,2017,Kyrgyzstan,KGZ
211378,138,78,58,2017,Morocco,MAR
21970,128,79,57,2017,Indonesia,IDN
21460,142,80,56,2017,Burkina Faso,BFA
21690,132,80,56,2017,Dominican Republic,DOM
211358,147,80,54,2017,Mongolia,MNG
211388,144,81,55,2017,Mozambique,MOZ
211678,141,81,55,2017,Sao Tome and Principe,
211728,133,81,55,2017,Sierra Leone,SLE
211298,143,82,54,2017,Mauritania,MRT
21610,146,83,53,2017,Cote d'Ivoire (Ivory Coast),CIV
211698,145,83,53,2017,Senegal,SEN
211938,152,83,53,2017,Tajikistan,TJK
211978,148,83,53,2017,Togo,TGO
212108,153,83,53,2017,Uzbekistan,UZB
211468,151,84,52,2017,Niger,NER
21390,158,85,51,2017,Bhutan,BTN
21530,155,85,51,2017,Chad,TCD
21550,137,85,51,2017,China,CHN
211268,150,85,51,2017,Mali,MLI
211648,161,85,51,2017,Rwanda,RWA
21800,156,86,50,2017,Gabon,GAB
21910,154,86,50,2017,Haiti,HTI
211228,157,86,50,2017,Madagascar,MDG
21890,160,87,49,2017,Guinea-Bissau,GNB
21960,163,87,49,2017,India,IND
212028,162,87,49,2017,Turkmenistan,TKM
21220,166,88,48,2017,Algeria,DZA
21480,164,88,48,2017,Cambodia,KHM
21570,159,88,,2017,Comores Islands,
21710,168,88,48,2017,Egypt,EGY
21880,149,88,48,2017,Guinea,GIN
211118,170,88,48,2017,Laos,LAO
21520,165,89,46,2017,Central African Republic,CAF
21730,169,89,46,2017,Equatorial Guinea,GNQ
21240,167,90,45,2017,Angola,AGO
21490,175,90,45,2017,Cameroon,CMR
212148,172,90,45,2017,Vietnam,VNM
21470,174,91,44,2017,Burundi,BDI
211478,173,91,44,2017,Nigeria,NGA
21590,176,92,43,2017,Congo (Rep.),COG
211050,177,92,43,2017,Jordan,JOR
211158,171,92,43,2017,Liberia,LBR
211398,180,93,41,2017,Myanmar,MMR
21580,179,94,40,2017,Congo (Dem. Rep.),COD
21670,178,94,40,2017,Djibouti,DJI
211488,184,94,40,2017,North Korea,PRK
21330,186,95,38,2017,Bangladesh,BGD
21980,187,95,38,2017,Iran,IRN
211828,181,95,38,2017,Sri Lanka,LKA
21760,183,96,37,2017,Ethiopia,ETH
211090,188,96,37,2017,Kosovo,KOS
211138,189,96,37,2017,Lebanon,LBN
211808,185,96,37,2017,South Sudan,SDS
211428,192,97,36,2017,Nepal,NPL
211538,193,97,36,2017,Palestinian Territory,PSX
211868,182,97,36,2017,Sudan,SDN
21740,190,98,35,2017,Eritrea,ERI
212158,194,98,35,2017,Yemen,YEM
211168,191,99,33,2017,Libya,LBY
211778,195,100,30,2017,Somalia,SOM
211918,197,101,29,2017,Syria,SYR
211518,196,102,28,2017,Pakistan,PAK
21990,198,103,27,2017,Iraq,IRQ
21200,199,104,24,2017,Afghanistan,AFG
216,6,1,190,2018,Japan,JPN
218,8,2,189,2018,Singapore,
211,1,3,188,2018,Germany,DEU
214,4,3,188,2018,France,FRA
2118,18,3,188,2018,South Korea,KOR
212,2,4,187,2018,Denmark,DNK
213,3,4,187,2018,Finland,FIN
215,5,4,187,2018,Italy,ITA
219,9,4,187,2018,Sweden,SWE
2115,15,4,187,2018,Spain,ESP
217,7,5,186,2018,Norway,NOR
2110,10,5,186,2018,United Kingdom,GBR
2111,11,5,186,2018,Austria,AUT
2113,13,5,186,2018,Luxembourg,LUX
2114,14,5,186,2018,Netherlands,NLD
2119,19,5,186,2018,Portugal,PRT
2120,20,5,186,2018,United States,USA
2112,12,6,185,2018,Belgium,BEL
2116,16,6,185,2018,Switzerland,CHE
2117,17,6,185,2018,Ireland,IRL
2121,21,6,185,2018,Canada,CAN
2122,22,7,183,2018,Australia,AUS
2123,23,7,183,2018,Greece,GRC
2127,27,7,183,2018,Malta,
2124,24,8,182,2018,New Zealand,NZL
2125,25,8,182,2018,Czech Republic,CZE
2126,26,9,181,2018,Iceland,ISL
2128,28,10,180,2018,Hungary,HUN
2131,31,10,180,2018,Slovenia,SVN
2134,34,10,180,2018,Malaysia,MYS
2130,30,11,179,2018,Slovakia,SVK
2132,32,11,179,2018,Latvia,LVA
2133,33,11,179,2018,Lithuania,LTU
2129,29,12,178,2018,Liechtenstein,
2135,35,12,178,2018,Estonia,EST
2136,36,13,175,2018,Poland,POL
2137,37,14,174,2018,Monaco,
2138,38,14,174,2018,Chile,CHL
2139,39,15,173,2018,Cyprus,CYP
2141,41,16,171,2018,Brazil,BRA
2140,40,17,170,2018,Argentina,ARG
2145,45,17,170,2018,Hong Kong,
2144,44,18,169,2018,Croatia,HRV
2146,46,18,169,2018,Bulgaria,BGR
2147,47,18,169,2018,Romania,ROU
2142,42,19,168,2018,Andorra,
2143,43,19,168,2018,San Marino,
2148,48,20,165,2018,Brunei,BRN
2149,49,21,161,2018,Israel,ISR
2150,50,21,161,2018,Barbados,
2162,62,21,161,2018,United Arab Emirates,ARE
2151,51,22,158,2018,Mexico,MEX
2152,52,23,155,2018,Bahamas,BHS
2154,54,24,154,2018,Uruguay,URY
2153,53,25,152,2018,Seychelles,
2155,55,26,151,2018,St. Kitts and Nevis,
2158,58,27,150,2018,Antigua and Barbuda,
2157,57,28,149,2018,Costa Rica,CRI
2156,56,29,148,2018,Vatican City,
2159,59,29,148,2018,Taiwan,TWN
2161,61,30,147,2018,Trinidad and Tobago,TTO
2160,60,31,146,2018,Mauritius,
2166,66,31,146,2018,St. Lucia,
2167,67,32,145,2018,St. Vincent and the Grenadines,
2168,68,33,144,2018,Macao (SAR China),
2169,69,33,144,2018,Grenada,
2163,63,34,143,2018,Paraguay,PRY
2165,65,35,141,2018,Panama,PAN
2164,64,36,138,2018,Venezuela,VEN
2170,70,36,138,2018,Honduras,HND
2171,71,37,137,2018,Dominica,
2172,72,37,137,2018,Guatemala,GTM
2173,73,37,137,2018,El Salvador,SLV
2174,74,38,135,2018,Peru,PER
2175,75,39,130,2018,Serbia,SRB
2176,76,39,130,2018,Solomon Islands,SLB
2177,77,40,129,2018,Samoa,
2178,78,40,129,2018,Vanuatu,VUT
2179,79,41,128,2018,Nicaragua,NIC
2180,80,41,128,2018,Ukraine,UKR
2181,81,42,127,2018,Colombia,COL
2185,85,42,127,2018,Tuvalu,
2182,82,43,125,2018,North Macedonia,MKD
2183,83,44,124,2018,Marshall Islands,
2184,84,44,124,2018,Tonga,
2186,86,45,123,2018,Kiribati,
2188,88,45,123,2018,Montenegro,MNE
2187,87,46,122,2018,Moldova,MDA
2190,90,46,122,2018,Micronesia,
2189,89,47,119,2018,Russian Federation,RUS
2192,92,47,119,2018,Palau Islands,
2193,93,48,118,2018,Bosnia and Herzegovina,BIH
2194,94,49,114,2018,Albania,ALB
2195,95,50,112,2018,Georgia,GEO
2191,91,51,111,2018,Turkey,TUR
2196,96,52,102,2018,South Africa,ZAF
2197,97,53,101,2018,Belize,BLZ
2199,99,54,98,2018,Timor-Leste,
2198,98,55,93,2018,Ecuador,ECU
21102,102,55,93,2018,Kuwait,KWT
21100,100,56,90,2018,Fiji,FJI
21101,101,57,88,2018,Guyana,GUY
21103,103,58,87,2018,Maldives,
21104,104,59,86,2018,Nauru,
21109,109,60,85,2018,Qatar,QAT
21105,105,61,84,2018,Jamaica,JAM
21106,106,62,83,2018,Papua New Guinea,PNG
21108,108,63,82,2018,Botswana,BWA
21110,110,64,81,2018,Bahrain,
21111,111,65,80,2018,Suriname,SUR
21107,107,66,79,2018,Bolivia,BOL
21115,115,67,78,2018,Oman,OMN
21113,113,68,77,2018,Thailand,THA
21116,116,68,77,2018,Belarus,BLR
21112,112,69,76,2018,Namibia,NAM
21114,114,69,76,2018,Kazakhstan,KAZ
21120,120,70,75,2018,Saudi Arabia,SAU
21119,119,71,74,2018,Lesotho,LSO
21137,137,71,74,2018,China,CHN
21128,128,72,73,2018,Indonesia,IDN
21117,117,73,71,2018,Eswatini (Swaziland),SWZ
21118,118,73,71,2018,Kenya,KEN
21122,122,73,71,2018,Malawi,MWI
21121,121,74,68,2018,Gambia,GMB
21123,123,74,68,2018,Tanzania,TZA
21125,125,74,68,2018,Zambia,ZMB
21124,124,75,66,2018,Tunisia,TUN
21126,126,75,66,2018,Azerbaijan,AZE
21129,129,75,66,2018,Philippines,PHL
21132,132,75,66,2018,Dominican Republic,DOM
21127,127,76,65,2018,Cape Verde Islands,
21131,131,76,65,2018,Cuba,CUB
21130,130,77,64,2018,Uganda,UGA
21135,135,77,64,2018,Zimbabwe,ZWE
21134,134,78,63,2018,Ghana,GHA
21140,140,78,63,2018,Kyrgyzstan,KGZ
21133,133,79,62,2018,Sierra Leone,SLE
21136,136,80,61,2018,Benin,BEN
21138,138,80,61,2018,Morocco,MAR
21139,139,80,61,2018,Armenia,ARM
21147,147,80,61,2018,Mongolia,MNG
21163,163,81,60,2018,India,IND
21153,153,82,59,2018,Uzbekistan,UZB
21141,141,83,58,2018,Sao Tome and Principe,
21143,143,83,58,2018,Mauritania,MRT
21144,144,83,58,2018,Mozambique,MOZ
21152,152,83,58,2018,Tajikistan,TJK
21142,142,84,57,2018,Burkina Faso,BFA
21145,145,85,56,2018,Senegal,SEN
21146,146,85,56,2018,Cote d'Ivoire (Ivory Coast),CIV
21149,149,85,56,2018,Guinea,GIN
21150,150,86,55,2018,Mali,MLI
21156,156,86,55,2018,Gabon,GAB
21158,158,86,55,2018,Bhutan,BTN
21148,148,87,54,2018,Togo,TGO
21151,151,87,54,2018,Niger,NER
21161,161,87,54,2018,Rwanda,RWA
21164,164,87,54,2018,Cambodia,KHM
21155,155,88,53,2018,Chad,TCD
21157,157,88,53,2018,Madagascar,MDG
21160,160,88,53,2018,Guinea-Bissau,GNB
21162,162,88,53,2018,Turkmenistan,TKM
21154,154,89,52,2018,Haiti,HTI
21159,159,89,52,2018,Comores Islands,
21169,169,89,52,2018,Equatorial Guinea,GNQ
21170,170,89,52,2018,Laos,LAO
21172,172,90,51,2018,Vietnam,VNM
21166,166,91,50,2018,Algeria,DZA
21177,177,91,50,2018,Jordan,JOR
21165,165,92,49,2018,Central African Republic,CAF
21167,167,92,49,2018,Angola,AGO
21168,168,92,49,2018,Egypt,EGY
21175,175,93,48,2018,Cameroon,CMR
21180,180,93,48,2018,Myanmar,MMR
21171,171,94,47,2018,Liberia,LBR
21173,173,94,47,2018,Nigeria,NGA
21176,176,94,47,2018,Congo (Rep.),COG
21174,174,95,46,2018,Burundi,BDI
21178,178,96,45,2018,Djibouti,DJI
21188,188,97,44,2018,Kosovo,KOS
21179,179,98,43,2018,Congo (Dem. Rep.),COD
21187,187,98,43,2018,Iran,IRN
21181,181,99,42,2018,Sri Lanka,LKA
21183,183,99,42,2018,Ethiopia,ETH
21184,184,99,42,2018,North Korea,PRK
21185,185,100,41,2018,South Sudan,SDS
21186,186,100,41,2018,Bangladesh,BGD
21189,189,100,41,2018,Lebanon,LBN
21191,191,100,41,2018,Libya,LBY
21192,192,101,40,2018,Nepal,NPL
21182,182,102,39,2018,Sudan,SDN
21190,190,102,39,2018,Eritrea,ERI
21193,193,102,39,2018,Palestinian Territory,PSX
21194,194,103,37,2018,Yemen,YEM
21196,196,104,33,2018,Pakistan,PAK
21195,195,105,32,2018,Somalia,SOM
21197,197,105,32,2018,Syria,SYR
21198,198,106,30,2018,Iraq,IRQ
21199,199,106,30,2018,Afghanistan,AFG
1,6,1,190,2019,Japan,JPN
2,8,1,190,2019,Singapore,
3,18,2,188,2019,South Korea,KOR
5,1,2,188,2019,Germany,DEU
7,3,2,188,2019,Finland,FIN
6,2,3,187,2019,Denmark,DNK
8,5,3,187,2019,Italy,ITA
10,13,3,187,2019,Luxembourg,LUX
4,4,4,186,2019,France,FRA
9,9,4,186,2019,Sweden,SWE
11,15,4,186,2019,Spain,ESP
12,11,5,185,2019,Austria,AUT
13,14,5,185,2019,Netherlands,NLD
15,19,5,185,2019,Portugal,PRT
14,7,6,184,2019,Norway,NOR
16,16,6,184,2019,Switzerland,CHE
17,10,6,184,2019,United Kingdom,GBR
18,20,6,184,2019,United States,USA
19,12,6,184,2019,Belgium,BEL
20,21,6,184,2019,Canada,CAN
21,23,6,184,2019,Greece,GRC
22,17,6,184,2019,Ireland,IRL
23,25,7,183,2019,Czech Republic,CZE
24,27,7,183,2019,Malta,
27,24,8,182,2019,New Zealand,NZL
25,22,9,181,2019,Australia,AUS
30,33,9,181,2019,Lithuania,LTU
31,30,9,181,2019,Slovakia,SVK
26,26,10,180,2019,Iceland,ISL
28,28,10,180,2019,Hungary,HUN
29,32,10,180,2019,Latvia,LVA
32,31,10,180,2019,Slovenia,SVN
33,35,11,179,2019,Estonia,EST
34,34,12,177,2019,Malaysia,MYS
35,29,12,177,2019,Liechtenstein,
36,38,13,174,2019,Chile,CHL
38,36,13,174,2019,Poland,POL
37,37,14,173,2019,Monaco,
39,39,14,173,2019,Cyprus,CYP
49,62,15,172,2019,United Arab Emirates,ARE
44,47,16,171,2019,Romania,ROU
40,41,17,170,2019,Brazil,BRA
41,40,17,170,2019,Argentina,ARG
42,46,17,170,2019,Bulgaria,BGR
43,45,18,168,2019,Hong Kong,
46,44,18,168,2019,Croatia,HRV
47,43,19,167,2019,San Marino,
45,42,20,166,2019,Andorra,
48,48,21,165,2019,Brunei,BRN
50,49,22,159,2019,Israel,ISR
51,50,22,159,2019,Barbados,
52,51,23,158,2019,Mexico,MEX
53,52,24,154,2019,Bahamas,BHS
56,55,24,154,2019,St. Kitts and Nevis,
54,54,25,153,2019,Uruguay,URY
55,53,26,151,2019,Seychelles,
58,57,27,150,2019,Costa Rica,CRI
57,58,28,149,2019,Antigua and Barbuda,
60,61,29,148,2019,Trinidad and Tobago,TTO
61,56,29,148,2019,Vatican City,
62,60,30,146,2019,Mauritius,
59,59,31,145,2019,Taiwan,TWN
63,66,31,145,2019,St. Lucia,
65,67,31,145,2019,St. Vincent and the Grenadines,
66,69,32,142,2019,Grenada,
67,63,32,142,2019,Paraguay,PRY
64,68,33,141,2019,Macao (SAR China),
68,65,34,140,2019,Panama,PAN
70,71,35,137,2019,Dominica,
74,74,36,135,2019,Peru,PER
71,73,37,134,2019,El Salvador,SLV
72,70,37,134,2019,Honduras,HND
69,64,38,132,2019,Venezuela,VEN
73,72,38,132,2019,Guatemala,GTM
76,75,39,131,2019,Serbia,SRB
79,77,39,131,2019,Samoa,
75,76,40,130,2019,Solomon Islands,SLB
77,78,40,130,2019,Vanuatu,VUT
78,79,41,128,2019,Nicaragua,NIC
82,85,42,127,2019,Tuvalu,
80,80,43,126,2019,Ukraine,UKR
81,81,43,126,2019,Colombia,COL
85,84,44,125,2019,Tonga,
83,82,45,123,2019,North Macedonia,MKD
84,83,46,122,2019,Marshall Islands,
86,86,46,122,2019,Kiribati,
87,88,46,122,2019,Montenegro,MNE
88,87,47,119,2019,Moldova,MDA
89,90,47,119,2019,Micronesia,
92,92,47,119,2019,Palau Islands,
90,89,48,117,2019,Russian Federation,RUS
91,93,49,116,2019,Bosnia and Herzegovina,BIH
94,95,50,114,2019,Georgia,GEO
93,94,51,113,2019,Albania,ALB
95,91,52,112,2019,Turkey,TUR
97,96,53,100,2019,South Africa,ZAF
96,97,54,99,2019,Belize,BLZ
98,99,55,95,2019,Timor-Leste,
100,102,56,93,2019,Kuwait,KWT
105,109,57,92,2019,Qatar,QAT
99,98,58,91,2019,Ecuador,ECU
101,100,59,88,2019,Fiji,FJI
102,101,60,87,2019,Guyana,GUY
104,104,60,87,2019,Nauru,
103,103,61,84,2019,Maldives,
106,105,61,84,2019,Jamaica,JAM
107,106,62,83,2019,Papua New Guinea,PNG
108,108,62,83,2019,Botswana,BWA
109,110,63,81,2019,Bahrain,
114,115,64,79,2019,Oman,OMN
110,111,65,78,2019,Suriname,SUR
111,107,65,78,2019,Bolivia,BOL
116,113,66,77,2019,Thailand,THA
115,112,67,76,2019,Namibia,NAM
112,116,68,75,2019,Belarus,BLR
113,114,68,75,2019,Kazakhstan,KAZ
118,119,69,74,2019,Lesotho,LSO
119,120,69,74,2019,Saudi Arabia,SAU
120,117,70,73,2019,Eswatini (Swaziland),SWZ
123,122,71,72,2019,Malawi,MWI
117,137,72,71,2019,China,CHN
122,118,72,71,2019,Kenya,KEN
121,128,73,70,2019,Indonesia,IDN
126,125,73,70,2019,Zambia,ZMB
124,121,74,69,2019,Gambia,GMB
125,123,75,68,2019,Tanzania,TZA
129,124,75,68,2019,Tunisia,TUN
127,126,76,66,2019,Azerbaijan,AZE
130,127,76,66,2019,Cape Verde Islands,
134,130,76,66,2019,Uganda,UGA
128,129,77,65,2019,Philippines,PHL
131,131,77,65,2019,Cuba,CUB
136,134,77,65,2019,Ghana,GHA
132,132,78,64,2019,Dominican Republic,DOM
135,135,78,64,2019,Zimbabwe,ZWE
137,133,79,63,2019,Sierra Leone,SLE
133,140,80,62,2019,Kyrgyzstan,KGZ
139,136,80,62,2019,Benin,BEN
141,147,80,62,2019,Mongolia,MNG
142,138,80,62,2019,Morocco,MAR
138,139,81,60,2019,Armenia,ARM
144,144,81,60,2019,Mozambique,MOZ
145,141,81,60,2019,Sao Tome and Principe,
140,163,82,59,2019,India,IND
143,143,83,58,2019,Mauritania,MRT
148,142,83,58,2019,Burkina Faso,BFA
146,152,84,57,2019,Tajikistan,TJK
149,146,84,57,2019,Cote d'Ivoire (Ivory Coast),CIV
158,161,84,57,2019,Rwanda,RWA
147,153,85,56,2019,Uzbekistan,UZB
150,149,85,56,2019,Guinea,GIN
153,156,85,56,2019,Gabon,GAB
151,145,86,55,2019,Senegal,SEN
155,148,86,55,2019,Togo,TGO
154,150,87,54,2019,Mali,MLI
157,151,87,54,2019,Niger,NER
160,160,87,54,2019,Guinea-Bissau,GNB
161,157,87,54,2019,Madagascar,MDG
156,164,88,53,2019,Cambodia,KHM
159,155,88,53,2019,Chad,TCD
163,159,88,53,2019,Comores Islands,
152,158,89,52,2019,Bhutan,BTN
165,169,89,52,2019,Equatorial Guinea,GNQ
162,162,90,51,2019,Turkmenistan,TKM
167,172,90,51,2019,Vietnam,VNM
171,165,90,51,2019,Central African Republic,CAF
168,166,91,50,2019,Algeria,DZA
164,170,92,49,2019,Laos,LAO
166,154,92,49,2019,Haiti,HTI
169,177,92,49,2019,Jordan,JOR
170,167,92,49,2019,Angola,AGO
172,168,92,49,2019,Egypt,EGY
173,175,92,49,2019,Cameroon,CMR
176,171,93,48,2019,Liberia,LBR
178,174,93,48,2019,Burundi,BDI
175,176,94,47,2019,Congo (Rep.),COG
174,180,95,46,2019,Myanmar,MMR
177,173,95,46,2019,Nigeria,NGA
179,178,95,46,2019,Djibouti,DJI
182,181,96,43,2019,Sri Lanka,LKA
181,179,97,42,2019,Congo (Dem. Rep.),COD
183,183,97,42,2019,Ethiopia,ETH
189,185,97,42,2019,South Sudan,SDS
180,188,98,41,2019,Kosovo,KOS
184,187,99,40,2019,Iran,IRN
186,186,99,40,2019,Bangladesh,BGD
193,190,99,40,2019,Eritrea,ERI
185,184,100,39,2019,North Korea,PRK
187,189,100,39,2019,Lebanon,LBN
190,192,101,38,2019,Nepal,NPL
188,191,102,37,2019,Libya,LBY
191,193,102,37,2019,Palestinian Territory,PSX
192,182,102,37,2019,Sudan,SDN
194,194,103,33,2019,Yemen,YEM
195,196,104,31,2019,Pakistan,PAK
196,195,104,31,2019,Somalia,SOM
197,197,105,29,2019,Syria,SYR
199,198,106,27,2019,Iraq,IRQ
198,199,107,25,2019,Afghanistan,AFG
